canonical_smiles,document_year,molecule_chembl_id,molecule_pref_name,pchembl_value,standard_type,standard_units,standard_value,type,units,value,target_name,target_id,pIC50,potency_class
Cn1cnc(Cn2c(=O)[nH]/c(=N\c3cc4cn(C)nc4cc3Cl)n(Cc3cc(F)c(F)cc3F)c2=O)n1,2022,CHEMBL5183847,ENSITRELVIR,10.89,IC50,nM,0.013,IC50,nM,0.013000000000000001,RdRp (nsp12),CHEMBL4523582,10.886056647693163,High (<100 nM)
O=C(NCc1ccco1)[C@@H]1CN(C(=O)c2cc(=O)[nH]c(=O)[nH]2)CCN1c1ccc(Cl)c(Cl)c1,2022,CHEMBL5192350,,9.46,IC50,nM,0.35,IC50,nM,0.35,RdRp (nsp12),CHEMBL4523582,9.455931955649724,High (<100 nM)
O=C(NCc1cccs1)[C@@H]1CN(C(=O)c2cccnc2)CCN1c1ccc(Cl)c(Cl)c1,2022,CHEMBL5174111,,9.4,IC50,nM,0.4,IC50,nM,0.4,RdRp (nsp12),CHEMBL4523582,9.397940008672037,High (<100 nM)
O=C(NCc1cccs1)[C@@H]1CN(C(=O)c2cc(=O)[nH]c(=O)[nH]2)CCN1c1ccc(Cl)c(Cl)c1,2022,CHEMBL5204987,,9.4,IC50,nM,0.4,IC50,nM,0.4,RdRp (nsp12),CHEMBL4523582,9.397940008672037,High (<100 nM)
O=C(NCc1cccs1)[C@@H]1CN(C(=O)c2cc(=O)[nH]c(=O)[nH]2)CCN1Cc1ccc(Cl)cc1Cl,2022,CHEMBL5188908,,9.36,IC50,nM,0.44,IC50,nM,0.44,RdRp (nsp12),CHEMBL4523582,9.356547323513812,High (<100 nM)
O=C(NCc1cccs1)[C@@H]1CN(C(=O)c2cncc3ccccc23)CCN1c1ccc(Cl)c(Cl)c1,2022,CHEMBL5188502,,9.36,IC50,nM,0.44,IC50,nM,0.44,RdRp (nsp12),CHEMBL4523582,9.356547323513812,High (<100 nM)
O=C(NCc1ccco1)[C@@H]1CN(C(=O)c2cc(=O)[nH]c(=O)[nH]2)CCN1Cc1ccc(Cl)cc1Cl,2022,CHEMBL5188982,,9.32,IC50,nM,0.48,IC50,nM,0.48,RdRp (nsp12),CHEMBL4523582,9.318758762624412,High (<100 nM)
O=C(NCc1ccco1)C1CN(C(=O)c2cc(=O)[nH]c(=O)[nH]2)CCN1Cc1ccc(Cl)cc1Cl,2022,CHEMBL5181886,,9.23,IC50,nM,0.59,IC50,nM,0.59,RdRp (nsp12),CHEMBL4523582,9.229147988357855,High (<100 nM)
O=C(NCc1cccs1)C1CN(C(=O)c2cc(=O)[nH]c(=O)[nH]2)CCN1c1ccc(Cl)c(Cl)c1,2022,CHEMBL5172248,,9.21,IC50,nM,0.61,IC50,nM,0.61,RdRp (nsp12),CHEMBL4523582,9.214670164989233,High (<100 nM)
O=C(NCc1ccco1)C1CN(C(=O)c2cc(=O)[nH]c(=O)[nH]2)CCN1c1ccc(Cl)c(Cl)c1,2022,CHEMBL5201620,,9.1,IC50,nM,0.79,IC50,nM,0.79,RdRp (nsp12),CHEMBL4523582,9.102372908709558,High (<100 nM)
O=C(NCc1ccco1)[C@H]1CN(C(=O)c2cc(=O)[nH]c(=O)[nH]2)CCN1c1ccc(Cl)c(Cl)c1,2022,CHEMBL5180494,,8.53,IC50,nM,2.98,IC50,nM,2.98,RdRp (nsp12),CHEMBL4523582,8.525783735923746,High (<100 nM)
COc1cccc2[nH]c(C(=O)N[C@@H](CC(C)C)C(=O)N[C@@H](C[C@@H]3CCNC3=O)C(=O)CO)cc12,2022,CHEMBL4777223,PF-00835231,8.3,IC50,nM,5.0,IC50,nM,5.0,RdRp (nsp12),CHEMBL4523582,8.301029995663981,High (<100 nM)
O=C(c1cc(=O)[nH]c(=O)[nH]1)N1CCN(c2ccc(Cl)c(Cl)c2)CC1,2022,CHEMBL5082224,,8.29,IC50,nM,5.1,IC50,nM,5.1,RdRp (nsp12),CHEMBL4523582,8.292429823902063,High (<100 nM)
O=C(NCc1ccco1)C1CN(C(=O)c2cc(=O)[nH]c(=O)[nH]2)CCN1.O=C(O)C(F)(F)F,2022,CHEMBL5208946,,8.1,IC50,nM,8.0,IC50,nM,8.0,RdRp (nsp12),CHEMBL4523582,8.096910013008056,High (<100 nM)
C[C@@H](OC(C)(C)C)[C@H](NC(=O)OCc1ccccc1)C(=O)N[C@@H](CC1CCCCC1)C(=O)N[C@H](C=O)C[C@@H]1CCNC1=O,2021,CHEMBL4852855,,8.05,IC50,nM,9.0,IC50,uM,0.009000000000000001,RdRp (nsp12),CHEMBL4523582,8.045757490560675,High (<100 nM)
,2020,CHEMBL508338,THIMEROSAL,8.0,IC50,nM,10.0,IC50,uM,0.01,RdRp (nsp12),CHEMBL4523582,8.0,High (<100 nM)
COC(=O)CC[C@H](NC(=O)[C@H](CC(=O)OC)NC(=O)OCc1ccccc1)C(=O)N[C@H](C(=O)N[C@@H](CC(=O)OC)C(=O)CF)C(C)C,2020,CHEMBL3963349,,8.0,IC50,nM,10.0,IC50,uM,0.01,RdRp (nsp12),CHEMBL4523582,8.0,High (<100 nM)
,2020,CHEMBL1333953,PHENYLMERCURIC ACETATE,8.0,IC50,nM,10.0,IC50,uM,0.01,RdRp (nsp12),CHEMBL4523582,8.0,High (<100 nM)
CC1(C)[C@@H]2[C@@H](C(=O)N[C@H](C=O)C[C@@H]3CCNC3=O)N(C(=O)C3(c4cccc(Cl)c4)CC3)C[C@@H]21,2024,CHEMBL5565685,,7.85,IC50,nM,14.0,IC50,nM,14.0,Main Protease (3CLpro),CHEMBL3927,7.853871964321762,High (<100 nM)
O=C[C@H](C[C@@H]1CCNC1=O)NC(=O)[C@H](CC1CCCCC1)NC(=O)c1cc2ccccc2[nH]1,2021,CHEMBL4796938,,7.85,IC50,nM,14.0,IC50,uM,0.013999999999999999,RdRp (nsp12),CHEMBL4523582,7.853871964321762,High (<100 nM)
CC1(C)[C@@H]2[C@@H](C(=O)N[C@H](C=O)C[C@@H]3CCNC3=O)N(C(=O)COc3ccc(OC(F)(F)F)cc3)C[C@@H]21,2023,CHEMBL5195325,,7.82,IC50,nM,15.2,IC50,nM,15.2,Main Protease (3CLpro),CHEMBL3927,7.818156412055227,High (<100 nM)
O=c1[nH]cc(-c2cc(-c3cc(Cl)cc(OCc4ccccc4Cl)c3)c(=O)n(-c3cccnc3)c2)c(=O)[nH]1,2022,CHEMBL5180524,,7.75,IC50,nM,18.0,IC50,uM,0.018000000000000002,RdRp (nsp12),CHEMBL4523582,7.7447274948966935,High (<100 nM)
O=c1cc(-c2ccccc2)oc2cc(O)c(O)c(O)c12,2020,CHEMBL8260,BAICALEIN,7.7,IC50,nM,20.0,IC50,uM,0.02,RdRp (nsp12),CHEMBL4523582,7.698970004336019,High (<100 nM)
Cc1ccc(C)c(-n2sc3cc(F)ccc3c2=O)c1,2020,CHEMBL1725120,,7.7,IC50,nM,20.0,IC50,uM,0.02,RdRp (nsp12),CHEMBL4523582,7.698970004336019,High (<100 nM)
CC(C)(C)[C@H](NC(=O)C(F)(F)F)C(=O)N1C[C@H]2[C@@H]([C@H]1C(=O)N[C@H](C#N)C[C@@H]1CCNC1=O)C2(C)C,2024,CHEMBL4802135,NIRMATRELVIR,7.7,IC50,nM,20.0,IC50,nM,20.0,Main Protease (3CLpro),CHEMBL3927,7.698970004336019,High (<100 nM)
O=C1C(Cl)=C(Cl)C(=O)C(Cl)=C1Cl,2020,CHEMBL192627,CHLORANIL,,IC50,nM,20.0,IC50,uM,0.02,RdRp (nsp12),CHEMBL4523582,7.698970004336019,High (<100 nM)
O=C[C@H](C[C@@H]1CCNC1=O)NC(=O)[C@H](Cc1cccc(F)c1)NC(=O)c1cc2ccccc2[nH]1,2021,CHEMBL4764751,,7.64,IC50,nM,23.0,IC50,uM,0.023,RdRp (nsp12),CHEMBL4523582,7.638272163982407,High (<100 nM)
CC(C)C[C@H](NC(=O)OCc1ccccc1)C(=O)N[C@@H](C[C@@H]1CCNC1=O)C(O)S(=O)(=O)[O-].[Na+],2021,CHEMBL3427166,,7.52,IC50,nM,29.99,pIC50,,7.523,RdRp (nsp12),CHEMBL4523582,7.5230235342404725,High (<100 nM)
Nc1nnc(Sc2ncc([N+](=O)[O-])s2)s1,2020,CHEMBL510038,,7.52,IC50,nM,30.0,IC50,uM,0.03,RdRp (nsp12),CHEMBL4523582,7.522878745280337,High (<100 nM)
O=c1c2ccccc2[se]n1-c1ccccc1,2020,CHEMBL51085,EBSELEN,7.52,IC50,nM,30.0,IC50,uM,0.03,RdRp (nsp12),CHEMBL4523582,7.522878745280337,High (<100 nM)
CC(C)C[C@H](NC(=O)OCc1ccccc1)C(=O)N[C@@H](C[C@@H]1CCNC1=O)C(O)S(=O)(=O)O,2021,CHEMBL3559293,,7.52,IC50,nM,30.0,IC50,uM,0.03,RdRp (nsp12),CHEMBL4523582,7.522878745280337,High (<100 nM)
CC(C)c1ccc(F)c2[nH]c(C(=O)N3C[C@H]4[C@@H]([C@H]3C(=O)N[C@H](C=O)C[C@@H]3CCNC3=O)C4(C)C)cc12,2024,CHEMBL5570210,,7.52,IC50,nM,30.0,IC50,nM,30.0,Main Protease (3CLpro),CHEMBL3927,7.522878745280337,High (<100 nM)
O=C[C@@H](C[C@@H]1CCNC1=O)NC(=O)[C@@H](Cc1cccc(F)c1)NC(=O)c1cc2ccccc2[nH]1,2021,CHEMBL5187773,,7.4,IC50,nM,39.99,pIC50,,7.398,RdRp (nsp12),CHEMBL4523582,7.398048595866478,High (<100 nM)
O=C1C=Cc2cc(Br)ccc2C1=O,2020,CHEMBL4303595,,7.4,IC50,nM,40.0,IC50,uM,0.04,RdRp (nsp12),CHEMBL4523582,7.3979400086720375,High (<100 nM)
CC(C)C[C@H](NC(=O)OCc1ccccc1)C(=O)N[C@H](C=O)C[C@@H]1CCNC1=O,2021,CHEMBL4850298,,7.38,IC50,nM,42.0,IC50,uM,0.042,RdRp (nsp12),CHEMBL4523582,7.376750709602099,High (<100 nM)
CC1(C)[C@@H]2[C@@H](C(=O)N[C@H](C=O)C[C@@H]3CCNC3=O)N(C(=O)C3(c4ccccc4)CCCC3)C[C@@H]21,2024,CHEMBL5565858,,7.32,IC50,nM,48.0,IC50,nM,48.0,Main Protease (3CLpro),CHEMBL3927,7.318758762624412,High (<100 nM)
O=C(Oc1cncc(Br)c1)c1ccco1,2008,CHEMBL222234,,7.3,IC50,nM,50.0,IC50,nM,50.0,Main Protease (3CLpro),CHEMBL3927,7.301029995663981,High (<100 nM)
C[C@H](NC(=O)[C@@H](c1cccnc1)N(C(=O)CCl)c1ccc(-n2cccc2)cc1)c1ccccc1,2022,CHEMBL5200851,,7.3,IC50,nM,50.0,IC50,uM,0.05,RdRp (nsp12),CHEMBL4523582,7.301029995663981,High (<100 nM)
CN(C)C(=S)SSC(=S)N(C)C,2020,CHEMBL120563,THIRAM,7.3,IC50,nM,50.0,IC50,uM,0.05,RdRp (nsp12),CHEMBL4523582,7.301029995663981,High (<100 nM)
CC(C)C[C@H](NC(=O)OCc1ccccc1)C(=O)N[C@@H](C[C@@H]1CCNC1=O)C(O)S(=O)(=O)[O-].[Na+],2023,CHEMBL3427166,,7.3,IC50,nM,50.0,IC50,uM,0.05,Main Protease (3CLpro),CHEMBL3927,7.301029995663981,High (<100 nM)
[O-][n+]1ccccc1S,2020,CHEMBL1356238,PYRITHIONE,7.3,IC50,nM,50.0,IC50,uM,0.05,RdRp (nsp12),CHEMBL4523582,7.301029995663981,High (<100 nM)
O=C(Cn1nnc2ccccc21)N(Cc1ccsc1)c1ccc(-c2ccccc2)cc1,2013,CHEMBL2442057,,7.29,IC50,nM,51.0,IC50,uM,0.051,Main Protease (3CLpro),CHEMBL3927,7.292429823902063,High (<100 nM)
CC1(C)[C@@H]2[C@@H](C(=O)N[C@H](C=O)C[C@@H]3CCNC3=O)N(C(=O)c3cc4ccccc4[nH]3)C[C@@H]21,2024,CHEMBL5595277,,7.28,IC50,nM,52.0,IC50,nM,52.0,Main Protease (3CLpro),CHEMBL3927,7.2839966563652006,High (<100 nM)
O=C[C@@H](C[C@@H]1CCNC1=O)NC(=O)[C@@H](CC1CCCCC1)NC(=O)c1cc2ccccc2[nH]1,2021,CHEMBL5184946,,7.28,IC50,nM,52.97,pIC50,,7.276,RdRp (nsp12),CHEMBL4523582,7.275970027064402,High (<100 nM)
O=C[C@H](CC1CCNC1=O)NC(=O)[C@H](CC1CCCCC1)NC(=O)c1cc2ccccc2[nH]1,2023,CHEMBL5560356,,7.28,IC50,nM,53.0,IC50,nM,53.0,Main Protease (3CLpro),CHEMBL3927,7.275724130399211,High (<100 nM)
O=C(Oc1cncc(Cl)c1)c1ccco1,2007,CHEMBL222840,,7.22,IC50,nM,60.0,IC50,nM,60.0,Main Protease (3CLpro),CHEMBL3927,7.221848749616356,High (<100 nM)
N=C(N/N=C/c1ccccc1O)c1nonc1NCNc1nonc1C(=N)N/N=C/c1ccccc1O,2021,CHEMBL4877358,,7.2,IC50,nM,63.0,IC50,uM,0.063,RdRp (nsp12),CHEMBL4523582,7.200659450546418,High (<100 nM)
O=C(Oc1cncc(Cl)c1)c1ccc(-c2ccc(Cl)cc2)o1,2007,CHEMBL222769,,7.2,IC50,nM,63.0,IC50,nM,63.0,Main Protease (3CLpro),CHEMBL3927,7.200659450546418,High (<100 nM)
CC(C)C[C@H](NC(=O)OCc1ccccc1)C(=O)N[C@@H](CC(C)C)C(=O)N[C@@H](C[C@@H]1CCNC1=O)C(=O)C(=O)NC(C)C,2021,CHEMBL4857345,,7.19,IC50,nM,65.0,IC50,uM,0.065,RdRp (nsp12),CHEMBL4523582,7.187086643357144,High (<100 nM)
O=C(Oc1cncc(Cl)c1)c1cc2ccccc2[nH]1,2007,CHEMBL225515,,7.19,IC50,nM,65.0,IC50,nM,65.0,Main Protease (3CLpro),CHEMBL3927,7.187086643357144,High (<100 nM)
CC(=O)N[C@@H](CO)C(=O)N[C@@H](C)C(=O)N[C@H](C(=O)N[C@@H](CC1CCCCC1)C(=O)N[C@H](C=O)Cc1c[nH]cn1)C(C)C,2013,CHEMBL1929019,,7.19,IC50,nM,65.0,IC50,uM,0.065,Main Protease (3CLpro),CHEMBL3927,7.187086643357144,High (<100 nM)
CC(C)C[C@H](NC(=O)OCc1ccccc1)C(=O)N[C@H](C=O)C[C@@H]1CCNC1=O,2023,CHEMBL4850298,,7.16,IC50,nM,70.0,IC50,uM,0.07,Main Protease (3CLpro),CHEMBL3927,7.154901959985743,High (<100 nM)
CC(C)(C)[C@H](NC(=O)C(F)(F)F)C(=O)N1C[C@H]2[C@@H]([C@H]1C(=O)N[C@H](C#N)C[C@@H]1CCNC1=O)C2(C)C,2022,CHEMBL4802135,NIRMATRELVIR,7.12,IC50,nM,75.0,IC50,nM,75.0,RdRp (nsp12),CHEMBL4523582,7.1249387366083,High (<100 nM)
O=c1sn(-c2cccc3ccccc23)c(=O)n1Cc1ccccc1,2020,CHEMBL3545157,TIDEGLUSIB,7.1,IC50,nM,80.0,IC50,uM,0.08,RdRp (nsp12),CHEMBL4523582,7.096910013008056,High (<100 nM)
COc1cc(C(NC2=NC(=O)C(CC(=O)Nc3ccc(C(=O)O)cc3)S2)c2c(O)[nH]c(=O)[nH]c2=O)ccc1O,2021,CHEMBL4869416,,7.07,IC50,nM,85.0,IC50,uM,0.085,RdRp (nsp12),CHEMBL4523582,7.070581074285707,High (<100 nM)
CC(C)C[C@H](NC(=O)[C@@H](NC(=O)OCc1ccccc1)C(C)C)C(=O)N[C@@H](C[C@@H]1CCNC1=O)C(=O)c1nc2ccccc2s1,2021,CHEMBL2316746,,7.03,IC50,nM,94.0,IC50,uM,0.094,RdRp (nsp12),CHEMBL4523582,7.026872146400302,High (<100 nM)
O=C(Oc1cncc(Cl)c1)c1cc2ccccc2s1,2007,CHEMBL222893,,7.02,IC50,nM,95.0,IC50,nM,95.0,Main Protease (3CLpro),CHEMBL3927,7.022276394711152,High (<100 nM)
CC1(C)[C@@H]2[C@@H](C(=O)N[C@H](C=O)C[C@@H]3CCNC3=O)N(C(=O)COc3ccccc3)C[C@@H]21,2023,CHEMBL5564834,,7.0,IC50,nM,99.0,IC50,nM,99.0,Main Protease (3CLpro),CHEMBL3927,7.00436480540245,High (<100 nM)
O=[N+]([O-])c1ccc(Sc2cccc[n+]2[O-])c2nonc12,2020,CHEMBL505670,,7.0,IC50,nM,100.0,IC50,uM,0.1,RdRp (nsp12),CHEMBL4523582,7.0,Moderate (100–1000 nM)
Cl.NC(CO)C(=O)NNCc1ccc(O)c(O)c1O,2020,CHEMBL1255778,BENSERAZIDE HYDROCHLORIDE,6.85,IC50,nM,140.0,IC50,uM,0.14,RdRp (nsp12),CHEMBL4523582,6.853871964321762,Moderate (100–1000 nM)
CCC(C)SSc1ncc[nH]1,2020,CHEMBL406050,PX-12,6.85,IC50,nM,140.0,IC50,uM,0.14,RdRp (nsp12),CHEMBL4523582,6.853871964321762,Moderate (100–1000 nM)
Cn1sc(=O)n(Cc2ccccc2)c1=O,2020,CHEMBL284861,,6.85,IC50,nM,140.0,IC50,uM,0.14,RdRp (nsp12),CHEMBL4523582,6.853871964321762,Moderate (100–1000 nM)
NC(CO)C(=O)NNCc1ccc(O)c(O)c1O,2020,CHEMBL1096979,BENSERAZIDE,6.85,IC50,nM,140.0,IC50,uM,0.14,RdRp (nsp12),CHEMBL4523582,6.853871964321762,Moderate (100–1000 nM)
CCN1CCN(C(c2ccc(C(F)(F)F)cc2)c2ccc3cccnc3c2O)CC1,2020,CHEMBL1422849,,6.82,IC50,nM,150.0,IC50,uM,0.15,RdRp (nsp12),CHEMBL4523582,6.823908740944319,Moderate (100–1000 nM)
Cc1ccc(-n2sc(=O)n(Cc3ccc(F)cc3)c2=O)cc1,2020,CHEMBL1917204,,6.82,IC50,nM,150.0,IC50,uM,0.15,RdRp (nsp12),CHEMBL4523582,6.823908740944319,Moderate (100–1000 nM)
c1ccc2sc(SSc3nc4ccccc4s3)nc2c1,2020,CHEMBL508112,BENZOTHIAZYL DISULFIDE,6.8,IC50,nM,160.0,IC50,uM,0.16,RdRp (nsp12),CHEMBL4523582,6.795880017344075,Moderate (100–1000 nM)
CCCCCCNC(=O)n1cc(F)c(=O)[nH]c1=O,2020,CHEMBL460499,CARMOFUR,6.8,IC50,nM,160.0,IC50,uM,0.16,RdRp (nsp12),CHEMBL4523582,6.795880017344075,Moderate (100–1000 nM)
CC(C)C[C@H](NC(=O)OCc1ccccc1)C(=O)N[C@@H](CC1CCNC1=O)C(O)S(=O)(=O)O,2023,CHEMBL2365410,,6.79,IC50,nM,161.0,IC50,uM,0.161,Main Protease (3CLpro),CHEMBL3927,6.79317412396815,Moderate (100–1000 nM)
S=C([S-])NCc1cccnc1.[K+],2023,CHEMBL5436771,,6.78,IC50,nM,165.0,IC50,uM,0.165,Main Protease (3CLpro),CHEMBL3927,6.782516055786093,Moderate (100–1000 nM)
O=C(Oc1cncc(Cl)c1)c1cc2ccccc2o1,2007,CHEMBL426898,,6.77,IC50,nM,170.0,IC50,nM,170.0,Main Protease (3CLpro),CHEMBL3927,6.769551078621726,Moderate (100–1000 nM)
O=C(/C=C/c1ccccc1)N[C@H](CC1CCCCC1)C(=O)N[C@H](C[C@@H]1CCNC1=O)C(=O)C(=O)NCc1ccccc1,2021,CHEMBL5207860,,6.75,IC50,nM,179.89,pIC50,,6.745,RdRp (nsp12),CHEMBL4523582,6.744992978208245,Moderate (100–1000 nM)
CC(C)(C)OC(=O)Nc1cccn([C@H](CC2CC2)C(=O)N[C@H](C[C@@H]2CCNC2=O)C(=O)C(=O)NCc2ccccc2)c1=O,2021,CHEMBL5208812,,6.75,IC50,nM,180.0,IC50,uM,0.18,RdRp (nsp12),CHEMBL4523582,6.7447274948966935,Moderate (100–1000 nM)
CC(C)(C)OC(=O)Nc1cccn([C@H](CC2CCCCC2)C(=O)N[C@H](C[C@@H]2CCNC2=O)C(=O)C(=O)NC2CC2)c1=O,2021,CHEMBL5179067,,6.75,IC50,nM,180.0,IC50,uM,0.18,RdRp (nsp12),CHEMBL4523582,6.7447274948966935,Moderate (100–1000 nM)
O=C1c2c(O)cc(O)cc2O[C@H](c2cc(O)c(O)c(O)c2)[C@H]1O,2020,CHEMBL3348861,AMPELOPSIN,6.75,IC50,nM,180.0,IC50,uM,0.18,RdRp (nsp12),CHEMBL4523582,6.7447274948966935,Moderate (100–1000 nM)
O=C(CCl)c1ccccc1,2020,CHEMBL105712,PHENACYL CHLORIDE,6.72,IC50,nM,190.0,IC50,uM,0.19,RdRp (nsp12),CHEMBL4523582,6.721246399047171,Moderate (100–1000 nM)
CCOC(=O)Cc1ccc(-c2ccccc2)cc1,2020,CHEMBL1886408,,6.7,IC50,nM,200.0,IC50,uM,0.2,RdRp (nsp12),CHEMBL4523582,6.698970004336019,Moderate (100–1000 nM)
,2020,CHEMBL4303702,,6.68,IC50,nM,210.0,IC50,uM,0.21,RdRp (nsp12),CHEMBL4523582,6.6777807052660805,Moderate (100–1000 nM)
Cc1c(-c2cnccn2)ssc1=S,2020,CHEMBL178459,OLTIPRAZ,6.68,IC50,nM,210.0,IC50,uM,0.21,RdRp (nsp12),CHEMBL4523582,6.6777807052660805,Moderate (100–1000 nM)
N.S=C(S)N1CCCC1,2020,CHEMBL1449651,"PYRROLIDINE DITHIOCARBAMIC ACID, AMMONIUM SALT",6.68,IC50,nM,210.0,IC50,uM,0.21,RdRp (nsp12),CHEMBL4523582,6.6777807052660805,Moderate (100–1000 nM)
CCN(CC)C(=S)SSC(=S)N(CC)CC,2020,CHEMBL964,DISULFIRAM,6.66,IC50,nM,220.0,IC50,uM,0.22,RdRp (nsp12),CHEMBL4523582,6.657577319177793,Moderate (100–1000 nM)
O=c1c(O)c(-c2cc(O)c(O)c(O)c2)oc2cc(O)cc(O)c12,2020,CHEMBL164,MYRICETIN,6.66,IC50,nM,220.0,IC50,uM,0.22,RdRp (nsp12),CHEMBL4523582,6.657577319177793,Moderate (100–1000 nM)
Oc1cc2c(cc1O)[C@@H]1c3ccc(O)c(O)c3OC[C@]1(O)C2,2020,CHEMBL477197,HEMATOXYLIN,6.66,IC50,nM,220.0,IC50,uM,0.22,RdRp (nsp12),CHEMBL4523582,6.657577319177793,Moderate (100–1000 nM)
O=C1C=CC(=O)C2=C1C1c3ccccc3C2c2ccccc21,2020,CHEMBL1474701,,6.62,IC50,nM,240.0,IC50,uM,0.24,RdRp (nsp12),CHEMBL4523582,6.619788758288394,Moderate (100–1000 nM)
,2020,CHEMBL3833381,MERBROMIN,6.62,IC50,nM,240.0,IC50,uM,0.24,RdRp (nsp12),CHEMBL4523582,6.619788758288394,Moderate (100–1000 nM)
O=C(O)c1ccc(SSc2ccc(C(=O)O)cn2)nc1,2020,CHEMBL1161936,,6.62,IC50,nM,240.0,IC50,uM,0.24,RdRp (nsp12),CHEMBL4523582,6.619788758288394,Moderate (100–1000 nM)
O=C(Oc1cncc(Cl)c1)c1cscn1,2007,CHEMBL222628,,6.57,IC50,nM,270.0,IC50,nM,270.0,Main Protease (3CLpro),CHEMBL3927,6.568636235841013,Moderate (100–1000 nM)
CCOc1cc(C(Nc2cc(C)ccn2)c2ccc3cccnc3c2O)ccc1OC,2020,CHEMBL1397952,,,IC50,nM,270.0,IC50,uM,0.27,RdRp (nsp12),CHEMBL4523582,6.568636235841013,Moderate (100–1000 nM)
CCOC(=O)/C=C/[C@H](C[C@@H]1CCNC1=O)NC(=O)[C@H](CC(C)C)NC(=O)[C@@H](NC(=O)OCc1ccccc1)C(C)C,2021,CHEMBL213543,,6.54,IC50,nM,286.0,IC50,uM,0.28600000000000003,RdRp (nsp12),CHEMBL4523582,6.543633966870957,Moderate (100–1000 nM)
CCC(=O)OCN1C(=O)C=CC1=O,2020,CHEMBL1374426,,6.54,IC50,nM,290.0,IC50,uM,0.29,RdRp (nsp12),CHEMBL4523582,6.5376020021010435,Moderate (100–1000 nM)
CC(C)(C)NC(=O)C(c1ccccn1)N(C(=O)c1ccco1)c1ccc(C(C)(C)C)cc1,2013,CHEMBL2311734,,,IC50,nM,300.0,IC50,uM,0.3,Main Protease (3CLpro),CHEMBL3927,6.522878745280337,Moderate (100–1000 nM)
Cc1cc(S(=O)(=O)c2c([N+](=O)[O-])cc(C(F)(F)F)cc2[N+](=O)[O-])c(Cl)cc1Cl,2006,CHEMBL212218,,6.52,IC50,nM,300.0,IC50,uM,0.3,Main Protease (3CLpro),CHEMBL3927,6.522878745280337,Moderate (100–1000 nM)
O=[N+]([O-])c1cnc(Sc2nnc(O)n2-c2ccc3c(c2)OCCO3)s1,2020,CHEMBL508280,,6.52,IC50,nM,300.0,IC50,uM,0.3,RdRp (nsp12),CHEMBL4523582,6.522878745280337,Moderate (100–1000 nM)
Cc1ccc(C(C(=O)NC(C)(C)C)N(C(=O)c2ccco2)c2ccc(C(C)(C)C)cc2)cn1,2013,CHEMBL2311732,,,IC50,nM,300.0,IC50,uM,0.3,Main Protease (3CLpro),CHEMBL3927,6.522878745280337,Moderate (100–1000 nM)
CC(C)(C)NC(=O)C(c1cc[nH]n1)N(C(=O)c1ccco1)c1ccc(C(C)(C)C)cc1,2013,CHEMBL2311736,,,IC50,nM,300.0,IC50,uM,0.3,Main Protease (3CLpro),CHEMBL3927,6.522878745280337,Moderate (100–1000 nM)
Oc1c(I)cc(I)c(O)c1I,2020,CHEMBL4303312,,6.48,IC50,nM,330.0,IC50,uM,0.33,RdRp (nsp12),CHEMBL4523582,6.481486060122113,Moderate (100–1000 nM)
COc1cccc(C(=O)Oc2cncc(Cl)c2)c1,2007,CHEMBL222735,,6.47,IC50,nM,340.0,IC50,nM,340.0,Main Protease (3CLpro),CHEMBL3927,6.468521082957745,Moderate (100–1000 nM)
Nc1ccc2cc3ccc(N)cc3nc2c1,2020,CHEMBL55400,PROFLAVINE,6.44,IC50,nM,360.0,IC50,uM,0.36,RdRp (nsp12),CHEMBL4523582,6.443697499232712,Moderate (100–1000 nM)
NC(=O)c1ccc2c(c1)C(=O)C(=O)N2Cc1ccc2ccccc2c1,2006,CHEMBL358279,,6.43,IC50,nM,370.0,IC50,uM,0.37,Main Protease (3CLpro),CHEMBL3927,6.431798275933005,Moderate (100–1000 nM)
Cc1cccc2nc(CSC(=S)NCc3cccnc3)cn12,2023,CHEMBL4590273,,6.42,IC50,nM,380.19,pIC50,,6.42,Main Protease (3CLpro),CHEMBL3927,6.41999931041096,Moderate (100–1000 nM)
Cc1c(OCC(F)(F)F)ccnc1C[S+]([O-])c1nc2ccccc2[nH]1,2020,CHEMBL480,LANSOPRAZOLE,6.41,IC50,nM,390.0,IC50,uM,0.39,RdRp (nsp12),CHEMBL4523582,6.4089353929735005,Moderate (100–1000 nM)
Sc1nnc(Nc2ccccc2)s1,2020,CHEMBL289356,,6.41,IC50,nM,390.0,IC50,uM,0.39,RdRp (nsp12),CHEMBL4523582,6.4089353929735005,Moderate (100–1000 nM)
N#CSc1cc(SC#N)c(N)nc1N,2020,CHEMBL4303622,,6.39,IC50,nM,410.0,IC50,uM,0.41,RdRp (nsp12),CHEMBL4523582,6.3872161432802645,Moderate (100–1000 nM)
O=[N+]([O-])C(Br)(CO)CO,2020,CHEMBL1408862,BRONOPOL,6.38,IC50,nM,420.0,IC50,uM,0.42,RdRp (nsp12),CHEMBL4523582,6.376750709602099,Moderate (100–1000 nM)
C[C@H](NC(=O)[C@@H](c1cccnc1)N(C(=O)C(Cl)Cl)c1ccc(-c2ccccc2)cc1)c1ccccc1,2022,CHEMBL5173559,,6.37,IC50,nM,430.0,IC50,uM,0.43,RdRp (nsp12),CHEMBL4523582,6.366531544420414,Moderate (100–1000 nM)
CCC[C@@H](NC(=O)[C@@H](CC(C)C)NC(=O)OCc1ccccc1)C(=O)C(=O)NCc1ccccn1,2021,CHEMBL5196922,,6.35,IC50,nM,449.78,pIC50,,6.347,RdRp (nsp12),CHEMBL4523582,6.346999859889158,Moderate (100–1000 nM)
Oc1cc(CNC(=S)/C=C/c2cc(O)c(O)c(Br)c2)cc(O)c1O,2020,CHEMBL4303361,,6.32,IC50,nM,480.0,IC50,uM,0.48,RdRp (nsp12),CHEMBL4523582,6.318758762624412,Moderate (100–1000 nM)
O=C(Oc1cncc(Cl)c1)c1cccs1,2008,CHEMBL468553,,6.3,IC50,nM,500.0,IC50,uM,0.5,Main Protease (3CLpro),CHEMBL3927,6.301029995663981,Moderate (100–1000 nM)
O=C(Oc1cncc(Br)c1)c1cccs1,2013,CHEMBL2311692,,6.3,IC50,nM,500.0,IC50,uM,0.5,Main Protease (3CLpro),CHEMBL3927,6.301029995663981,Moderate (100–1000 nM)
Oc1ccc2ccccc2c1SSc1c(O)ccc2ccccc12,2020,CHEMBL472940,,6.29,IC50,nM,510.0,IC50,uM,0.51,RdRp (nsp12),CHEMBL4523582,6.292429823902063,Moderate (100–1000 nM)
CN1CCc2cccc3c2[C@H]1Cc1ccc(O)c(O)c1-3.CN1CCc2cccc3c2[C@H]1Cc1ccc(O)c(O)c1-3.Cl.Cl.O,2020,CHEMBL3187985,APOMORPHINE HYDROCHLORIDE,6.28,IC50,nM,520.0,IC50,uM,0.52,RdRp (nsp12),CHEMBL4523582,6.2839966563652006,Moderate (100–1000 nM)
Oc1cc2c(cc1C(c1ccc(C(F)(F)F)cc1)N1CCOCC1)OCO2,2020,CHEMBL3797437,,6.27,IC50,nM,540.0,IC50,uM,0.54,RdRp (nsp12),CHEMBL4523582,6.267606240177032,Moderate (100–1000 nM)
CC(C)N(CCC(=O)c1ccc2ccccc2c1)Cc1ccccc1,2020,CHEMBL596674,,6.24,IC50,nM,580.0,IC50,uM,0.58,RdRp (nsp12),CHEMBL4523582,6.236572006437063,Moderate (100–1000 nM)
COc1cccc2c1C(=O)c1c(O)c3c(c(O)c1C2=O)C[C@@](O)(/C(CO)=N/NC(=O)CCCCCN1C(=O)C=CC1=O)C[C@@H]3O[C@H]1C[C@H](N)[C@H](O)[C@H](C)O1,2020,CHEMBL2107818,ALDOXORUBICIN,6.24,IC50,nM,580.0,IC50,uM,0.58,RdRp (nsp12),CHEMBL4523582,6.236572006437063,Moderate (100–1000 nM)
CC(=O)N[C@H](C(=O)N[C@H](C(=O)N[C@@H](CC(C)C)C(=O)N[C@@H](CCC(=O)N(C)C)C(=O)Cn1[nH]c(=O)c2c([N+](=O)[O-])cccc2c1=O)[C@H](C)OCc1ccccc1)C(C)C,2013,CHEMBL2402691,,6.22,IC50,nM,600.0,IC50,uM,0.6,Main Protease (3CLpro),CHEMBL3927,6.221848749616356,Moderate (100–1000 nM)
O=C1C2CC=CCC2C(=O)N1SC(Cl)(Cl)Cl,2020,CHEMBL388676,CAPTAN,6.17,IC50,nM,670.0,IC50,uM,0.67,RdRp (nsp12),CHEMBL4523582,6.173925197299173,Moderate (100–1000 nM)
Cc1coc2c1C(=O)C(=O)c1c-2ccc2c(C)cccc12,2012,CHEMBL363535,TANSHINONE I,6.16,IC50,nM,700.0,IC50,uM,0.7,Main Protease (3CLpro),CHEMBL3927,6.154901959985743,Moderate (100–1000 nM)
COc1ncccc1-c1ccc(N(Cc2ccsc2)C(=O)Cn2nnc3ccccc32)cc1,2013,CHEMBL2442055,,6.16,IC50,nM,700.0,IC50,uM,0.7,Main Protease (3CLpro),CHEMBL3927,6.154901959985743,Moderate (100–1000 nM)
O=C(O[C@@H]1Cc2c(O)cc(O)cc2O[C@@H]1c1cc(O)c(O)c(O)c1)c1cc(O)c(O)c(O)c1,2020,CHEMBL297453,EPIGALOCATECHIN GALLATE,6.14,IC50,nM,720.0,IC50,uM,0.72,RdRp (nsp12),CHEMBL4523582,6.142667503568732,Moderate (100–1000 nM)
COCCCOc1ccnc(C[S+]([O-])c2nc3ccccc3[n-]2)c1C.[Na+],2020,CHEMBL1200930,RABEPRAZOLE SODIUM,6.13,IC50,nM,740.0,IC50,uM,0.74,RdRp (nsp12),CHEMBL4523582,6.130768280269024,Moderate (100–1000 nM)
Nc1ccc(S(=O)(=O)[N-]c2ncccn2)cc1.[Ag+],2020,CHEMBL1382627,"SULFADIAZINE, SILVER",6.12,IC50,nM,750.0,IC50,uM,0.75,RdRp (nsp12),CHEMBL4523582,6.1249387366083,Moderate (100–1000 nM)
c1ccc2sc(SNC3CCCCC3)nc2c1,2020,CHEMBL1591074,,6.11,IC50,nM,770.0,IC50,uM,0.77,RdRp (nsp12),CHEMBL4523582,6.113509274827518,Moderate (100–1000 nM)
C[C@H]1COC2=C1C(=O)C(=O)c1c2ccc2c1CCCC2(C)C,2012,CHEMBL187460,CRYPTOTANSHINONE,6.1,IC50,nM,800.0,IC50,uM,0.8,Main Protease (3CLpro),CHEMBL3927,6.096910013008056,Moderate (100–1000 nM)
CC(C)C[C@H](NC(=O)[C@@H](NC(=O)[C@H](C)NC(=O)OCc1ccccc1)C(C)C)C(=O)N[C@@H](Cc1ccccc1)C(=O)C(F)(F)F,2008,CHEMBL2372143,,6.1,IC50,nM,800.0,IC50,uM,0.8,Main Protease (3CLpro),CHEMBL3927,6.096910013008056,Moderate (100–1000 nM)
Cc1ccc(S(=O)(=O)/C=C/C#N)cc1,2020,CHEMBL403183,,6.09,IC50,nM,820.0,IC50,uM,0.82,RdRp (nsp12),CHEMBL4523582,6.086186147616283,Moderate (100–1000 nM)
Nc1ccc2cc3ccc(N)cc3nc2c1.Nc1ccc2cc3ccc(N)cc3nc2c1.O=S(=O)(O)O,2020,CHEMBL465704,PROFLAVINE HEMISULFATE,6.08,IC50,nM,830.0,IC50,uM,0.83,RdRp (nsp12),CHEMBL4523582,6.080921907623926,Moderate (100–1000 nM)
CC(C)(C)c1ccc(S(=O)(=O)/C=C/C#N)cc1,2020,CHEMBL270299,BAY-11-7085,6.08,IC50,nM,840.0,IC50,uM,0.84,RdRp (nsp12),CHEMBL4523582,6.075720713938118,Moderate (100–1000 nM)
CC[C@H](CO)Nc1nc(NCc2ccc(-c3ccccn3)cc2)c2ncn(C(C)C)c2n1,2020,CHEMBL518800,,6.08,IC50,nM,840.0,IC50,uM,0.84,RdRp (nsp12),CHEMBL4523582,6.075720713938118,Moderate (100–1000 nM)
,2020,CHEMBL4303664,,6.06,IC50,nM,880.0,IC50,uM,0.88,RdRp (nsp12),CHEMBL4523582,6.055517327849832,Moderate (100–1000 nM)
O=C(Oc1ccc(S(=O)(=O)c2ccc(OC(=O)C(Cl)=C(Cl)Cl)cc2)cc1)C(Cl)=C(Cl)Cl,2006,CHEMBL212454,,6.05,IC50,nM,900.0,IC50,uM,0.9,Main Protease (3CLpro),CHEMBL3927,6.045757490560675,Moderate (100–1000 nM)
CCCCC1CCC(COC(=O)N[C@@H](CC(C)C)C(=O)N[C@H](C=O)C[C@@H]2CCNC2=O)CC1,2023,CHEMBL5593485,,6.05,IC50,nM,900.0,IC50,uM,0.9,Main Protease (3CLpro),CHEMBL3927,6.045757490560675,Moderate (100–1000 nM)
CN(C)C(=S)SC(=S)N(C)C,2020,CHEMBL571700,BIS(DIMETHYLAMINETHIOCARBONYL)MONOSULFIDE,6.03,IC50,nM,940.0,IC50,uM,0.94,RdRp (nsp12),CHEMBL4523582,6.026872146400302,Moderate (100–1000 nM)
O=C1C(=O)N(Cc2cc3ccccc3s2)c2ccc(I)cc21,2005,CHEMBL190743,,6.02,IC50,nM,950.0,IC50,uM,0.95,Main Protease (3CLpro),CHEMBL3927,6.022276394711152,Moderate (100–1000 nM)
CSCC[C@H](C=O)NC(=O)[C@@H](CC(C)C)NC(=O)[C@@H](CC(C)C)NC(C)=O,2021,CHEMBL5180554,,6.01,IC50,nM,970.0,IC50,uM,0.97,RdRp (nsp12),CHEMBL4523582,6.013228265733755,Moderate (100–1000 nM)
COc1ccc2[nH]c([S+]([O-])Cc3ncc(C)c(OC)c3C)nc2n1,2020,CHEMBL1475252,TENATOPRAZOLE,6.01,IC50,nM,970.0,IC50,uM,0.97,RdRp (nsp12),CHEMBL4523582,6.013228265733755,Moderate (100–1000 nM)
O=C(Cn1nnc2ccccc21)N(Cc1ccsc1)c1ccc(-c2cccnc2)cc1,2013,CHEMBL2442056,,6.01,IC50,nM,970.0,IC50,uM,0.97,Main Protease (3CLpro),CHEMBL3927,6.013228265733755,Moderate (100–1000 nM)
O=C1C(=O)N(Cc2cc3ccccc3s2)c2c(Br)cccc21,2005,CHEMBL365134,,6.01,IC50,nM,980.0,IC50,uM,0.98,Main Protease (3CLpro),CHEMBL3927,6.008773924307505,Moderate (100–1000 nM)
C/N=c1/nc(-c2ccccc2)n(-c2ccccc2)s1,2020,CHEMBL1188627,,6.01,IC50,nM,980.0,IC50,uM,0.98,RdRp (nsp12),CHEMBL4523582,6.008773924307505,Moderate (100–1000 nM)
Cl.Oc1cc2c(cc1O)[C@H]1c3ccccc3CN[C@@H]1CC2,2020,CHEMBL1256832,DIHYDREXIDINE HYDROCHLORIDE,5.98,IC50,nM,1050.0,IC50,uM,1.05,RdRp (nsp12),CHEMBL4523582,5.978810700930062,Low (1–10 µM)
Nc1nc(S)c2ncn(C3OC(CO)C(O)C3O)c2n1,2020,CHEMBL119171,,5.97,IC50,nM,1080.0,IC50,uM,1.08,RdRp (nsp12),CHEMBL4523582,5.966576244513051,Low (1–10 µM)
O=C1C(=O)N(Cc2ccc3ccccc3c2)c2ccc(I)cc21,2006,CHEMBL383725,,5.96,IC50,nM,1100.0,IC50,uM,1.1,Main Protease (3CLpro),CHEMBL3927,5.958607314841775,Low (1–10 µM)
CCOc1ccccc1CN(OC)C(=O)CSc1c[nH]c2cccc(Br)c12,2021,CHEMBL4857861,,5.96,IC50,nM,1110.0,IC50,uM,1.11,RdRp (nsp12),CHEMBL4523582,5.954677021213342,Low (1–10 µM)
[O-][S+](c1ccccc1)c1ccc2nnnn2n1,2020,CHEMBL271023,,5.95,IC50,nM,1120.0,IC50,uM,1.12,RdRp (nsp12),CHEMBL4523582,5.950781977329818,Low (1–10 µM)
O=C1C(Cl)=C(N2CCOCC2)C(=O)N1c1ccc(Cl)c(Cl)c1,2020,CHEMBL1271993,,5.94,IC50,nM,1140.0,IC50,uM,1.14,RdRp (nsp12),CHEMBL4523582,5.943095148663527,Low (1–10 µM)
CCC(CC)COC(=O)[C@H](C)N[P@](=O)(OC[C@H]1O[C@@](C#N)(c2ccc3c(N)ncnn23)[C@H](O)[C@@H]1O)Oc1ccccc1,2021,CHEMBL4065616,REMDESIVIR,5.92,IC50,nM,1190.0,IC50,uM,1.19,RdRp (nsp12),CHEMBL4523582,5.924453038607469,Low (1–10 µM)
Cc1cccc2c3c(ccc12)C1=C(C(=O)C3=O)[C@@H](C)CO1,2012,CHEMBL227075,DIHYDROTANSHINONE I,5.92,IC50,nM,1200.0,IC50,uM,1.2,Main Protease (3CLpro),CHEMBL3927,5.920818753952375,Low (1–10 µM)
CN1CCN(C2=C(Cl)C(=O)N(c3ccc(Cl)c(Cl)c3)C2=O)CC1,2020,CHEMBL1271764,,,IC50,nM,1230.0,IC50,uM,1.23,RdRp (nsp12),CHEMBL4523582,5.910094888560602,Low (1–10 µM)
C=CC(=O)c1ccc2ccccc2c1,2020,CHEMBL154580,,5.91,IC50,nM,1240.0,IC50,uM,1.24,RdRp (nsp12),CHEMBL4523582,5.906578314837765,Low (1–10 µM)
COc1cc(C(=S)N2CCOCC2)ccc1O,2020,CHEMBL1380480,VANITIOLIDE,5.88,IC50,nM,1320.0,IC50,uM,1.32,RdRp (nsp12),CHEMBL4523582,5.87942606879415,Low (1–10 µM)
CN1CCN(C(=O)c2ccc(-c3ccc4c(C=O)c(O)ccc4c3)s2)CC1,2020,CHEMBL3665060,,5.88,IC50,nM,1330.0,IC50,uM,1.33,RdRp (nsp12),CHEMBL4523582,5.876148359032914,Low (1–10 µM)
CNC(=O)ON(C(C)=O)C(=O)NC,2020,CHEMBL9116,CARACEMIDE,5.88,IC50,nM,1330.0,IC50,uM,1.33,RdRp (nsp12),CHEMBL4523582,5.876148359032914,Low (1–10 µM)
Cc1ccc(S(=O)(=O)N[C@@H](Cc2ccccc2)C(=O)CCl)cc1,2020,CHEMBL60718,TPCK,5.86,IC50,nM,1370.0,IC50,uM,1.37,RdRp (nsp12),CHEMBL4523582,5.863279432843593,Low (1–10 µM)
CC(C)c1cc(CNc2nc(Nc3cc(C4CC4)[nH]n3)cc(N3CCN(C)CC3)n2)on1,2020,CHEMBL3545085,XL-228,5.83,IC50,nM,1490.0,IC50,uM,1.49,RdRp (nsp12),CHEMBL4523582,5.826813731587726,Low (1–10 µM)
O=C(Cn1nnc2ccccc21)N(Cc1ccsc1)c1ccc(NCc2ccccc2)cc1,2013,CHEMBL2442058,,5.82,IC50,nM,1500.0,IC50,uM,1.5,Main Protease (3CLpro),CHEMBL3927,5.823908740944319,Low (1–10 µM)
CC(C)(C)NC(=O)[C@@H](c1cccnc1)N(C(=O)c1ccco1)c1ccc(C(C)(C)C)cc1,2013,CHEMBL2311740,,5.82,IC50,nM,1500.0,IC50,uM,1.5,Main Protease (3CLpro),CHEMBL3927,5.823908740944319,Low (1–10 µM)
O=C(O)c1cc(O)c2c(c1)[C@H]([C@H]1c3cc(C(=O)O)cc(O)c3C(=O)c3c(O[C@@H]4O[C@H](CO)[C@@H](O)[C@H](O)[C@H]4O)cccc31)c1cccc(O[C@@H]3O[C@H](CO)[C@@H](O)[C@H](O)[C@H]3O)c1C2=O,2020,CHEMBL2368547,Sennoside A,5.8,IC50,nM,1590.0,IC50,uM,1.59,RdRp (nsp12),CHEMBL4523582,5.798602875679548,Low (1–10 µM)
Cc1coc2c1C(=O)C(=O)c1c-2ccc2c1CCCC2(C)C,2012,CHEMBL187266,TANSHINONE IIA,5.8,IC50,nM,1600.0,IC50,uM,1.6,Main Protease (3CLpro),CHEMBL3927,5.795880017344075,Low (1–10 µM)
COc1ccccc1CNC(=O)CSc1c[nH]c2c(-c3ccccc3)cccc12,2021,CHEMBL4845924,,5.78,IC50,nM,1650.0,IC50,uM,1.65,RdRp (nsp12),CHEMBL4523582,5.782516055786093,Low (1–10 µM)
O=C(O)[C@@H](S)[C@@H](S)C(=O)O,2020,CHEMBL1201073,SUCCIMER,5.76,IC50,nM,1720.0,IC50,uM,1.72,RdRp (nsp12),CHEMBL4523582,5.764471553092451,Low (1–10 µM)
Sc1nc2ccccc2s1,2020,CHEMBL111654,2-MERCAPTOBENZOTHIAZOLE,5.76,IC50,nM,1740.0,IC50,uM,1.74,RdRp (nsp12),CHEMBL4523582,5.7594507517174005,Low (1–10 µM)
,2020,CHEMBL1697725,AUROTHIOGLUCOSE,5.76,IC50,nM,1740.0,IC50,uM,1.74,RdRp (nsp12),CHEMBL4523582,5.7594507517174005,Low (1–10 µM)
Cc1ccccc1N(C)C(=O)c1ccc([S+]([O-])c2nccs2)c([N+](=O)[O-])c1,2020,CHEMBL4303376,,5.73,IC50,nM,1870.0,IC50,uM,1.87,RdRp (nsp12),CHEMBL4523582,5.728158393463501,Low (1–10 µM)
,2020,CHEMBL5219995,ACRIFLAVINE HYDROCHLORIDE,5.71,IC50,nM,1930.0,IC50,uM,1.93,RdRp (nsp12),CHEMBL4523582,5.714442690992226,Low (1–10 µM)
CN1CC[C@@]2(C)c3cc(O)ccc3N(C)[C@@H]12.O=C(O)/C=C/C(=O)O,2020,CHEMBL1256915,,5.7,IC50,nM,1990.0,IC50,uM,1.99,RdRp (nsp12),CHEMBL4523582,5.701146923590294,Low (1–10 µM)
O=C1C(=O)N(Cc2cc3ccccc3s2)c2c1cccc2[N+](=O)[O-],2005,CHEMBL187717,,5.7,IC50,nM,2000.0,IC50,uM,2.0,Main Protease (3CLpro),CHEMBL3927,5.698970004336019,Low (1–10 µM)
O=C(Cn1nnc2ccccc21)N(Cc1ccsc1)c1ccc(-c2ccncc2)cc1,2013,CHEMBL2442054,,5.7,IC50,nM,2000.0,IC50,uM,2.0,Main Protease (3CLpro),CHEMBL3927,5.698970004336019,Low (1–10 µM)
COc1c(Sc2nnnn2-c2ccc(OCc3ccccc3)cc2)c(=O)[nH]c2ccccc12,2010,CHEMBL1084481,,5.7,IC50,nM,2000.0,IC50,uM,2.0,Main Protease (3CLpro),CHEMBL3927,5.698970004336019,Low (1–10 µM)
O=C(CC1Sc2ncnn2C1=O)Nc1ccc(Br)cc1,2020,CHEMBL243652,,5.69,IC50,nM,2040.0,IC50,uM,2.04,RdRp (nsp12),CHEMBL4523582,5.690369832574102,Low (1–10 µM)
Nc1ccc(O)c2ncccc12,2020,CHEMBL449298,,5.69,IC50,nM,2050.0,IC50,uM,2.05,RdRp (nsp12),CHEMBL4523582,5.688246138944246,Low (1–10 µM)
CCn1c(-c2nonc2N)nc2cncc(CNC3CCNCC3)c21,2020,CHEMBL188434,,5.68,IC50,nM,2070.0,IC50,uM,2.07,RdRp (nsp12),CHEMBL4523582,5.684029654543083,Low (1–10 µM)
CNc1ccc(N(Cc2ccsc2)C(=O)Cn2nnc3ccccc32)cc1,2013,CHEMBL2442059,,5.68,IC50,nM,2100.0,IC50,uM,2.1,Main Protease (3CLpro),CHEMBL3927,5.6777807052660805,Low (1–10 µM)
CCC(C)c1ccc(N(C(=O)c2ccco2)C(C(=O)NC2CCCC2)c2cccnc2)cc1,2013,CHEMBL1405735,,5.66,IC50,nM,2200.0,IC50,uM,2.2,Main Protease (3CLpro),CHEMBL3927,5.657577319177793,Low (1–10 µM)
O=C(O)CCCCCCCCCCCCCCc1ccc(I)cc1,2020,CHEMBL128251,IOCANLIDIC ACID,5.65,IC50,nM,2250.0,IC50,uM,2.25,RdRp (nsp12),CHEMBL4523582,5.647817481888637,Low (1–10 µM)
COc1cccc(C(=O)CCN[C@@H](C)[C@H](O)c2ccccc2)c1.Cl,2020,CHEMBL2354521,,5.63,IC50,nM,2350.0,IC50,uM,2.35,RdRp (nsp12),CHEMBL4523582,5.628932137728264,Low (1–10 µM)
Sc1nnnn1-c1ccccc1,2020,CHEMBL226652,,5.63,IC50,nM,2360.0,IC50,uM,2.36,RdRp (nsp12),CHEMBL4523582,5.627087997029894,Low (1–10 µM)
Cc1ccc(N)cc1C(=O)N[C@@H](C)c1cccc2ccccc12,2021,CHEMBL5201546,,5.62,IC50,nM,2400.0,IC50,uM,2.4,RdRp (nsp12),CHEMBL4523582,5.619788758288394,Low (1–10 µM)
[O-][n+]1ccccc1[S-].[O-][n+]1ccccc1[S-].[Zn+2],2020,CHEMBL1200471,PYRITHIONE ZINC,5.61,IC50,nM,2460.0,IC50,uM,2.46,RdRp (nsp12),CHEMBL4523582,5.609064892896621,Low (1–10 µM)
Clc1ccc(C2C(n3ccnc3)C(c3ccc(Br)cc3)=NN2c2ccc(Cl)c(Cl)c2)cc1,2010,CHEMBL1084480,,5.6,IC50,nM,2500.0,IC50,uM,2.5,Main Protease (3CLpro),CHEMBL3927,5.6020599913279625,Low (1–10 µM)
C=C1C(=O)[C@]23[C@H](O)[C@H]1CC[C@@H]2[C@@]12CO[C@]3(O)C[C@@H]1C(C)(C)CC[C@@H]2O,2020,CHEMBL4303503,,5.59,IC50,nM,2570.0,IC50,uM,2.57,RdRp (nsp12),CHEMBL4523582,5.590066876668706,Low (1–10 µM)
CC(Cc1ccc(O)c(O)c1)C(C)Cc1ccc(O)c(O)c1,2020,CHEMBL52,NORDIHYDROGUAIARETIC ACID,5.59,IC50,nM,2590.0,IC50,uM,2.59,RdRp (nsp12),CHEMBL4523582,5.586700235918748,Low (1–10 µM)
Br.Oc1cc2c(cc1O)C(c1ccccc1)CNCC2,2020,CHEMBL505308,,5.58,IC50,nM,2630.0,IC50,uM,2.63,RdRp (nsp12),CHEMBL4523582,5.580044251510242,Low (1–10 µM)
Oc1cc2c(cc1O)C(c1ccccc1)CNCC2,2020,CHEMBL286080,SKF-38393,5.55,IC50,nM,2800.0,IC50,uM,2.8,RdRp (nsp12),CHEMBL4523582,5.552841968657781,Low (1–10 µM)
CCC(=O)Nc1ccc(N(Cc2ccsc2)C(=O)Cn2nnc3ccccc32)cc1,2013,CHEMBL2442067,,5.54,IC50,nM,2900.0,IC50,uM,2.9,Main Protease (3CLpro),CHEMBL3927,5.5376020021010435,Low (1–10 µM)
CN(C)CCNc1nc2cc(O)ccc2c2c1C(=O)c1ccccc1-2,2020,CHEMBL488755,,5.52,IC50,nM,2990.0,IC50,uM,2.99,RdRp (nsp12),CHEMBL4523582,5.52432881167557,Low (1–10 µM)
O=C(Sc1nnc(C(F)(F)F)[nH]1)c1ccc(C#Cc2ccccc2)o1,2006,CHEMBL379642,,5.52,IC50,nM,3000.0,IC50,uM,3.0,Main Protease (3CLpro),CHEMBL3927,5.522878745280337,Low (1–10 µM)
O=C(CSc1nccc(-c2csc(-c3ccccc3)n2)n1)Nc1cc(Cl)cc(Cl)c1,2006,CHEMBL208732,,5.52,IC50,nM,3000.0,IC50,uM,3.0,Main Protease (3CLpro),CHEMBL3927,5.522878745280337,Low (1–10 µM)
O=c1cc(-c2ccc(O)cc2)oc2cc(O)cc(O)c12,2020,CHEMBL28,APIGENIN,5.52,IC50,nM,3020.0,IC50,uM,3.02,RdRp (nsp12),CHEMBL4523582,5.519993057042849,Low (1–10 µM)
CCC[C@@H](C=O)NC(=O)[C@H](CC(C)C)NC(=O)[C@H](CC(C)C)NC(=O)OCc1ccccc1,2021,CHEMBL4518490,,5.5,IC50,nM,3140.0,IC50,uM,3.14,RdRp (nsp12),CHEMBL4523582,5.503070351926785,Low (1–10 µM)
Cc1cc(C)cc(N2C(=O)CC(Sc3nc[nH]n3)C2=O)c1,2020,CHEMBL1608472,,5.5,IC50,nM,3170.0,IC50,uM,3.17,RdRp (nsp12),CHEMBL4523582,5.498940737782249,Low (1–10 µM)
CC(CN1CC(=O)NC(=O)C1)N1CC(=O)NC(=O)C1,2020,CHEMBL444186,RAZOXANE,5.5,IC50,nM,3190.0,IC50,uM,3.19,RdRp (nsp12),CHEMBL4523582,5.496209316942819,Low (1–10 µM)
CCOC(=O)c1c(N)sc(-c2ccccc2)c1C,2020,CHEMBL566136,,5.5,IC50,nM,3190.0,IC50,uM,3.19,RdRp (nsp12),CHEMBL4523582,5.496209316942819,Low (1–10 µM)
COc1ccccc1/N=C/c1nc(-c2ccccc2)oc1OC(C)=O,2010,CHEMBL1084478,,5.48,IC50,nM,3300.0,IC50,uM,3.3,Main Protease (3CLpro),CHEMBL3927,5.481486060122113,Low (1–10 µM)
O=C(CSc1c[nH]c2ccccc12)N(Cc1ccccc1)Cc1ccccc1,2021,CHEMBL4870398,,5.47,IC50,nM,3350.0,IC50,uM,3.35,RdRp (nsp12),CHEMBL4523582,5.474955192963154,Low (1–10 µM)
C/C=C1\C(OC2OC(CO)C(O)C(O)C2O)OC=C(C(=O)OC)C1CC(=O)OCCc1ccc(O)c(O)c1,2020,CHEMBL4303154,,5.47,IC50,nM,3380.0,IC50,uM,3.38,RdRp (nsp12),CHEMBL4523582,5.471083299722345,Low (1–10 µM)
COCCC(=O)Nc1ccc(N(C(=O)Cn2nnc3ccccc32)C(C)c2ccsc2)cc1,2013,CHEMBL2442064,,5.47,IC50,nM,3400.0,IC50,uM,3.4,Main Protease (3CLpro),CHEMBL3927,5.468521082957745,Low (1–10 µM)
O=C(/C=C/c1ccc(O)c2c1[C@@H](C(=O)O[C@H](Cc1ccc(O)c(O)c1)C(=O)O)[C@H](c1ccc(O)c(O)c1)O2)O[C@H](Cc1ccc(O)c(O)c1)C(=O)O,2020,CHEMBL3747259,,5.47,IC50,nM,3420.0,IC50,uM,3.42,RdRp (nsp12),CHEMBL4523582,5.465973893943865,Low (1–10 µM)
C=CC(=O)N[C@H](CC(=C)C)C(=O)N1C[C@@H](C(=O)N[C@H](Cc2ccccc2)C(=O)NC)[C@H](c2cccc(C(F)(F)F)c2)C1,2023,CHEMBL5563508,,5.46,IC50,nM,3500.0,IC50,uM,3.5,Main Protease (3CLpro),CHEMBL3927,5.455931955649724,Low (1–10 µM)
C[C@@](Cc1ccc(O)c(O)c1)(NN)C(=O)O,2020,CHEMBL1201236,CARBIDOPA ANHYDROUS,5.45,IC50,nM,3550.0,IC50,uM,3.55,RdRp (nsp12),CHEMBL4523582,5.449771646944906,Low (1–10 µM)
CC(C)C(=O)Nc1ccc(N(Cc2ccsc2)C(=O)Cn2nnc3ccccc32)cc1,2013,CHEMBL2442066,,5.44,IC50,nM,3600.0,IC50,uM,3.6,Main Protease (3CLpro),CHEMBL3927,5.443697499232712,Low (1–10 µM)
C[C@@H]1O[C@@H](Oc2c(-c3cc(O)c(O)c(O)c3)oc3cc(O)cc(O)c3c2=O)[C@@H](O)[C@H](O)[C@H]1O,2020,CHEMBL4303331,,5.44,IC50,nM,3660.0,IC50,uM,3.66,RdRp (nsp12),CHEMBL4523582,5.436518914605589,Low (1–10 µM)
O=C(CSc1c[nH]c2cccc(Br)c12)N(Cc1ccccc1)Cc1ccccc1,2021,CHEMBL4869436,,5.42,IC50,nM,3760.0,IC50,uM,3.76,RdRp (nsp12),CHEMBL4523582,5.424812155072339,Low (1–10 µM)
CC(C)(C)NC(=O)C(c1ccsc1)N(C(=O)Cn1nnc2ccccc21)c1ccc(NC(=O)C2CCC2)cc1,2013,CHEMBL2442073,,5.42,IC50,nM,3800.0,IC50,uM,3.8,Main Protease (3CLpro),CHEMBL3927,5.42021640338319,Low (1–10 µM)
,2020,CHEMBL11359,CISPLATIN,5.42,IC50,nM,3820.0,IC50,uM,3.82,RdRp (nsp12),CHEMBL4523582,5.4179366370882915,Low (1–10 µM)
O=C(/C=C/c1ccc(O)c(O)c1)O[C@H](Cc1ccc(O)c(O)c1)C(=O)O,2020,CHEMBL324842,ROSMARINIC ACID,5.41,IC50,nM,3860.0,IC50,uM,3.86,RdRp (nsp12),CHEMBL4523582,5.413412695328245,Low (1–10 µM)
CC(C)C[C@@H](C=O)NC(=O)[C@H](CC(C)C)NC(=O)[C@H](CC(C)C)NC(=O)OCc1ccccc1,2021,CHEMBL64925,MG-132,5.41,IC50,nM,3899.42,pIC50,,5.409,RdRp (nsp12),CHEMBL4523582,5.408999985161117,Low (1–10 µM)
CC(C)Nc1cccnc1N1CCN(C(=O)c2cc3cc(NS(C)(=O)=O)ccc3[nH]2)CC1.CS(=O)(=O)O,2020,CHEMBL929,DELAVIRDINE MESYLATE,5.4,IC50,nM,3990.0,IC50,uM,3.99,RdRp (nsp12),CHEMBL4523582,5.399027104313252,Low (1–10 µM)
O=C(Nc1ccc(N(Cc2ccsc2)C(=O)Cn2nnc3ccccc32)cc1)C1CC1,2013,CHEMBL2442081,,5.39,IC50,nM,4100.0,IC50,uM,4.1,Main Protease (3CLpro),CHEMBL3927,5.3872161432802645,Low (1–10 µM)
O=C(/C=C/CCc1ccc(O)c(O)c1)CCc1ccc(O)c(O)c1,2021,CHEMBL464274,DEHYDROHIRSUTANONOL,5.39,IC50,nM,4100.0,IC50,uM,4.1,RdRp (nsp12),CHEMBL4523582,5.3872161432802645,Low (1–10 µM)
CC(C)C(=O)Nc1ccc(N(C(=O)Cn2nnc3ccccc32)C(C(=O)NC(C)(C)C)c2ccsc2)cc1,2013,CHEMBL2442076,,5.39,IC50,nM,4100.0,IC50,uM,4.1,Main Protease (3CLpro),CHEMBL3927,5.3872161432802645,Low (1–10 µM)
CC(C)(C)C(=O)N[C@H](C(=O)N1C[C@H]2[C@@H]([C@H]1C(=O)NC(CC1CCC1)C(=O)C(N)=O)C2(C)C)C(C)(C)C,2021,CHEMBL4868590,,5.38,IC50,nM,4130.0,IC50,uM,4.13,RdRp (nsp12),CHEMBL4523582,5.384049948343599,Low (1–10 µM)
CC(C)(C)NC(=O)N[C@H](C(=O)N1C[C@H]2[C@@H]([C@H]1C(=O)NC(CC1CCC1)C(=O)C(N)=O)C2(C)C)C(C)(C)C,2021,CHEMBL218394,BOCEPREVIR,5.38,IC50,nM,4130.0,IC50,uM,4.13,RdRp (nsp12),CHEMBL4523582,5.384049948343599,Low (1–10 µM)
C[C@H]1COC2=C1C(=O)C(=O)c1c2ccc2c1CCCC2(C)C,2021,CHEMBL187460,CRYPTOTANSHINONE,5.38,IC50,nM,4200.0,IC50,uM,4.2,RdRp (nsp12),CHEMBL4523582,5.376750709602099,Low (1–10 µM)
CC(C)(C)OC(=O)NCCc1nnc(S(=O)(=O)Cc2ccc(Cl)cc2Cl)o1,2020,CHEMBL259018,,5.38,IC50,nM,4220.0,IC50,uM,4.22,RdRp (nsp12),CHEMBL4523582,5.374687549038326,Low (1–10 µM)
COc1nc2ccc(Br)cc2cc1[C@@H](c1ccccc1)[C@@](O)(CCN(C)C)c1cccc2ccccc12,2020,CHEMBL376488,BEDAQUILINE,5.36,IC50,nM,4360.0,IC50,uM,4.36,RdRp (nsp12),CHEMBL4523582,5.360513510731414,Low (1–10 µM)
O=C(c1cc(O)c(O)c(O)c1)c1ccc(O)c(O)c1O,2020,CHEMBL329522,EXIFONE,5.36,IC50,nM,4380.0,IC50,uM,4.38,RdRp (nsp12),CHEMBL4523582,5.3585258894959,Low (1–10 µM)
C[C@@H]1O[C@@H](O[C@@H]2[C@@H](O)[C@H](OCCc3ccc(O)c(O)c3)O[C@H](CO)[C@H]2OC(=O)/C=C/c2ccc(O)c(O)c2)[C@H](O)[C@H](O)[C@H]1O,2020,CHEMBL444478,ACETOSIDE,5.34,IC50,nM,4540.0,IC50,uM,4.54,RdRp (nsp12),CHEMBL4523582,5.342944147142896,Low (1–10 µM)
O=C(CSc1c[nH]c2c(Br)cccc12)NCc1ccc(Cl)c(Cl)c1,2021,CHEMBL4863334,,5.34,IC50,nM,4550.0,IC50,uM,4.55,RdRp (nsp12),CHEMBL4523582,5.341988603342887,Low (1–10 µM)
CN(Cc1ccccc1)C(=O)CSc1c[nH]c2ccccc12,2021,CHEMBL4878063,,5.34,IC50,nM,4550.0,IC50,uM,4.55,RdRp (nsp12),CHEMBL4523582,5.341988603342887,Low (1–10 µM)
O=c1c(O)cccc2cc(O)c(O)c(O)c12,2020,CHEMBL66953,PURPUROGALLIN,5.34,IC50,nM,4580.0,IC50,uM,4.58,RdRp (nsp12),CHEMBL4523582,5.33913452199613,Low (1–10 µM)
CN(Cc1ccccc1)C(=O)CSc1c[nH]c2cccc(Br)c12,2021,CHEMBL4865625,,5.33,IC50,nM,4730.0,IC50,uM,4.73,RdRp (nsp12),CHEMBL4523582,5.325138859262188,Low (1–10 µM)
CC(C)(C)NC(=O)C(c1cccnc1)N(C(=O)c1ccco1)c1ccc(C(C)(C)C)cc1,2013,CHEMBL2311694,,5.32,IC50,nM,4800.0,IC50,uM,4.8,Main Protease (3CLpro),CHEMBL3927,5.318758762624412,Low (1–10 µM)
CCCC[C@@H](C=O)NC(=O)[C@H](CC(C)C)NC(=O)OCc1ccccc1,2021,CHEMBL92708,CALPEPTIN,5.32,IC50,nM,4810.0,IC50,uM,4.81,RdRp (nsp12),CHEMBL4523582,5.317854923626168,Low (1–10 µM)
O=C1C(=O)N(Cc2cc3ccccc3s2)c2ccc(F)cc21,2005,CHEMBL187598,,5.32,IC50,nM,4820.0,IC50,uM,4.82,Main Protease (3CLpro),CHEMBL3927,5.31695296176115,Low (1–10 µM)
CCc1ccc(/C=C/C(=O)Nc2ccc(C(C)=O)cc2)o1,2020,CHEMBL4303618,,5.3,IC50,nM,4950.0,IC50,uM,4.95,RdRp (nsp12),CHEMBL4523582,5.305394801066432,Low (1–10 µM)
C[n+]1c2cc(N)ccc2cc2ccc(N)cc21.[Cl-],2020,CHEMBL354349,EUFLAVINE,5.3,IC50,nM,4980.0,IC50,uM,4.98,RdRp (nsp12),CHEMBL4523582,5.302770657240282,Low (1–10 µM)
Cc1noc(NC(=O)c2ccc(-c3cc(C(F)(F)F)nn3C)s2)c1[N+](=O)[O-],2006,CHEMBL427404,,5.3,IC50,nM,5000.0,IC50,uM,5.0,Main Protease (3CLpro),CHEMBL3927,5.301029995663981,Low (1–10 µM)
CN(C)CCCSc1ccccc1NC(=O)/C=C/c1ccccc1,2013,CHEMBL18786,CINANSERIN,5.3,IC50,nM,5000.0,IC50,uM,5.0,Main Protease (3CLpro),CHEMBL3927,5.301029995663981,Low (1–10 µM)
CC(=O)Nc1ccc(C)c(C(=O)N[C@@H](C)c2cccc3ccccc23)c1,2021,CHEMBL5171214,,5.3,IC50,nM,5000.0,IC50,uM,5.0,RdRp (nsp12),CHEMBL4523582,5.301029995663981,Low (1–10 µM)
CC(C)(C)NC(=O)C(c1cccnc1)N(C(=O)c1ccc(Cl)o1)c1ccc(C(C)(C)C)cc1,2013,CHEMBL2311727,,5.28,IC50,nM,5200.0,IC50,uM,5.2,Main Protease (3CLpro),CHEMBL3927,5.2839966563652006,Low (1–10 µM)
CC(C)(C)NC(=O)C(c1cnccn1)N(C(=O)c1ccco1)c1ccc(C(C)(C)C)cc1,2013,CHEMBL2311731,,5.26,IC50,nM,5500.0,IC50,uM,5.5,Main Protease (3CLpro),CHEMBL3927,5.259637310505756,Low (1–10 µM)
CCCC[C@H](NC(=O)[C@@H]1[C@@H]2[C@H](CN1C(=O)[C@@H](NC(=O)NC1(CS(=O)(=O)C(C)(C)C)CCCCC1)C(C)(C)C)C2(C)C)C(=O)C(=O)NC1CC1,2021,CHEMBL1255891,NARLAPREVIR,5.24,IC50,nM,5727.96,pIC50,,5.242000000000001,RdRp (nsp12),CHEMBL4523582,5.242000023493485,Low (1–10 µM)
Nc1ncc(S(=O)(=O)c2ccc(Cl)cc2)c(N)n1,2006,CHEMBL213581,,5.22,IC50,nM,6000.0,IC50,uM,6.0,Main Protease (3CLpro),CHEMBL3927,5.221848749616356,Low (1–10 µM)
CC(C)(C)NC(=O)C(c1cccnc1)N(C(=O)C1=NC=NC1)c1ccc(C(C)(C)C)cc1,2013,CHEMBL2311709,,5.22,IC50,nM,6000.0,IC50,uM,6.0,Main Protease (3CLpro),CHEMBL3927,5.221848749616356,Low (1–10 µM)
N#Cc1c(-c2ccc(Cl)cc2)nc(SCc2ccc([N+](=O)[O-])cc2)[nH]c1=O,2010,CHEMBL1082333,,5.21,IC50,nM,6100.0,IC50,uM,6.1,Main Protease (3CLpro),CHEMBL3927,5.214670164989233,Low (1–10 µM)
CCC(C)(C)NC(=O)[C@@H](c1ccn(C)c1)N(C(=O)Cn1nnc2ccccc21)c1ccc(NC(C)=O)cc1,2013,CHEMBL2442082,,5.21,IC50,nM,6200.0,IC50,uM,6.2,Main Protease (3CLpro),CHEMBL3927,5.207608310501746,Low (1–10 µM)
O=C(O)[C@H]1O[C@@H](Oc2cc3oc(-c4ccccc4)cc(=O)c3c(O)c2O)[C@H](O)[C@@H](O)[C@@H]1O,2021,CHEMBL485818,BAICALIN,5.19,IC50,nM,6410.0,IC50,uM,6.41,RdRp (nsp12),CHEMBL4523582,5.193141970481182,Low (1–10 µM)
CC(C)(C)NC(=O)N[C@H](C(=O)N1C[C@H]2[C@@H]([C@H]1C(=O)NC(CC1CCC1)C(=O)C(N)=O)C2(C)C)C(C)(C)C,2023,CHEMBL218394,BOCEPREVIR,5.18,IC50,nM,6630.0,IC50,uM,6.63,Main Protease (3CLpro),CHEMBL3927,5.178486471595227,Low (1–10 µM)
C[C@@H](NC(=O)CSc1c[nH]c2ccccc12)c1ccccc1,2021,CHEMBL4877143,,5.17,IC50,nM,6680.0,IC50,uM,6.68,RdRp (nsp12),CHEMBL4523582,5.175223537524454,Low (1–10 µM)
O=C(CSc1c[nH]c2ccccc12)NCc1ccccc1,2021,CHEMBL4854844,,5.17,IC50,nM,6810.0,IC50,uM,6.81,RdRp (nsp12),CHEMBL4523582,5.166852888087215,Low (1–10 µM)
CCC(=O)Nc1ccc(N(C(=O)Cn2nnc3ccccc32)C(C(=O)NC(C)(C)C)c2ccsc2)cc1,2013,CHEMBL2442077,,5.16,IC50,nM,6900.0,IC50,uM,6.9,Main Protease (3CLpro),CHEMBL3927,5.161150909262744,Low (1–10 µM)
COc1ccccc1CNC(=O)CSc1c[nH]c2c(Br)cccc12,2021,CHEMBL4875555,,5.15,IC50,nM,7080.0,IC50,uM,7.08,RdRp (nsp12),CHEMBL4523582,5.149966742310231,Low (1–10 µM)
O=C(CSc1c[nH]c2c(Br)cccc12)N(Cc1ccccc1)Cc1ccccc1,2021,CHEMBL4874748,,5.15,IC50,nM,7080.0,IC50,uM,7.08,RdRp (nsp12),CHEMBL4523582,5.149966742310231,Low (1–10 µM)
Cc1noc(C)c1CN1C(=O)C(=O)c2cc(C#N)ccc21,2005,CHEMBL187579,,5.14,IC50,nM,7200.0,IC50,uM,7.2,Main Protease (3CLpro),CHEMBL3927,5.142667503568732,Low (1–10 µM)
COc1cc(C[S+]([O-])c2nc3cccnc3s2)oc(=O)c1,2010,CHEMBL1084479,,5.14,IC50,nM,7200.0,IC50,uM,7.2,Main Protease (3CLpro),CHEMBL3927,5.142667503568732,Low (1–10 µM)
O=C(CSc1c[nH]c2cccc(Br)c12)NCc1ccc(Cl)c(Cl)c1,2021,CHEMBL4870400,,5.14,IC50,nM,7210.0,IC50,uM,7.21,RdRp (nsp12),CHEMBL4523582,5.142064735280571,Low (1–10 µM)
CCS(=O)(=O)N1CCC([C@@H](C)n2c(C)c(C(=O)NCc3c(OC)cc(C)[nH]c3=O)c3ccccc32)CC1,2022,CHEMBL3605457,,5.14,IC50,nM,7300.0,IC50,uM,7.3,RdRp (nsp12),CHEMBL4523582,5.136677139879544,Low (1–10 µM)
Cn1cc(SCC(=O)NCc2ccc(Cl)c(Cl)c2)c2ccccc21,2021,CHEMBL4860368,,5.12,IC50,nM,7500.0,IC50,uM,7.5,RdRp (nsp12),CHEMBL4523582,5.1249387366083,Low (1–10 µM)
COc1ccccc1CN(C)C(=O)CSc1c[nH]c2ccccc12,2021,CHEMBL4852069,,5.12,IC50,nM,7640.0,IC50,uM,7.64,RdRp (nsp12),CHEMBL4523582,5.11690664142431,Low (1–10 µM)
CC(=O)Nc1ccc(N(C(=O)Cn2nnc3ccccc32)C(C(=O)NC(C)(C)C)c2ccsc2)cc1,2013,CHEMBL2442079,,5.11,IC50,nM,7720.0,IC50,uM,7.72,Main Protease (3CLpro),CHEMBL3927,5.112382699664264,Low (1–10 µM)
O=C(CSc1c[nH]c2ccccc12)NCc1ccc(C(F)(F)F)cc1,2021,CHEMBL4863973,,5.1,IC50,nM,7940.0,IC50,uM,7.94,RdRp (nsp12),CHEMBL4523582,5.100179497572904,Low (1–10 µM)
O=C(Nc1ccc(N(Cc2ccsc2)C(=O)Cn2nnc3ccccc32)cc1)C1CCC1,2013,CHEMBL2442063,,5.09,IC50,nM,8100.0,IC50,uM,8.1,Main Protease (3CLpro),CHEMBL3927,5.0915149811213505,Low (1–10 µM)
CCCC[C@@H](C=O)NC(=O)[C@H](CC(C)C)NC(=O)[C@H](CC(C)C)NC(C)=O,2021,CHEMBL304784,,5.07,IC50,nM,8590.14,pIC50,,5.066,RdRp (nsp12),CHEMBL4523582,5.06599975808587,Low (1–10 µM)
COc1ccccc1CNC(=O)CSc1c[nH]c2cccc(Br)c12,2021,CHEMBL4857654,,5.06,IC50,nM,8710.0,IC50,uM,8.71,RdRp (nsp12),CHEMBL4523582,5.059981844992337,Low (1–10 µM)
O=C(CSc1c[nH]c2cc(Br)ccc12)NCc1ccc(Cl)c(Cl)c1,2021,CHEMBL4846173,,5.06,IC50,nM,8710.0,IC50,uM,8.71,RdRp (nsp12),CHEMBL4523582,5.059981844992337,Low (1–10 µM)
CN(C)CCOc1ccc(CNC(=O)CSc2cn(C)c3ccccc23)cc1,2021,CHEMBL4850314,,5.05,IC50,nM,8910.0,IC50,uM,8.91,RdRp (nsp12),CHEMBL4523582,5.050122295963125,Low (1–10 µM)
CN(C)CCOc1ccc(CNC(=O)CSc2c[nH]c3ccccc23)cc1,2021,CHEMBL4855167,,5.04,IC50,nM,9080.0,IC50,uM,9.08,RdRp (nsp12),CHEMBL4523582,5.041914151478915,Low (1–10 µM)
CC(C)(C)NC(=O)C(c1ccsc1)N(C(=O)Cn1nnc2ccccc21)c1ccc(NC(=O)C2CC2)cc1,2013,CHEMBL2442074,,5.04,IC50,nM,9100.0,IC50,uM,9.1,Main Protease (3CLpro),CHEMBL3927,5.040958607678906,Low (1–10 µM)
COC(=O)/C=C/[C@H](C[C@@H]1CCNC1=O)NC(=O)[C@H](CC(C)C)NC(=O)[C@@H](NC(=O)OCc1ccccc1)C(C)C,2013,CHEMBL2402692,,5.04,IC50,nM,9100.0,IC50,uM,9.1,Main Protease (3CLpro),CHEMBL3927,5.040958607678906,Low (1–10 µM)
COC(=O)[C@@]1(C)CCCc2c1ccc1c2C(=O)C(=O)c2c(C)coc2-1,2012,CHEMBL2146517,METHYL TANSHINONATE,5.04,IC50,nM,9200.0,IC50,uM,9.2,Main Protease (3CLpro),CHEMBL3927,5.036212172654444,Low (1–10 µM)
O=C1C(=O)N(Cc2ccc(F)cc2Cl)c2ccc(I)cc21,2005,CHEMBL188487,,5.03,IC50,nM,9400.0,IC50,uM,9.4,Main Protease (3CLpro),CHEMBL3927,5.026872146400302,Low (1–10 µM)
O=C(CSc1c[nH]c2ccc(Br)cc12)NCc1ccc(Cl)c(Cl)c1,2021,CHEMBL4874978,,5.01,IC50,nM,9770.0,IC50,uM,9.77,RdRp (nsp12),CHEMBL4523582,5.0101054362812265,Low (1–10 µM)
COc1ccccc1CNC(=O)CSc1cn(C)c2ccccc12,2021,CHEMBL4851261,,5.01,IC50,nM,9820.0,IC50,uM,9.82,RdRp (nsp12),CHEMBL4523582,5.00788851221305,Low (1–10 µM)
CC(C)(C)NC(=O)C(c1ccnnc1)N(C(=O)c1ccco1)c1ccc(C(C)(C)C)cc1,2013,CHEMBL2311730,,5.0,IC50,nM,10000.0,IC50,uM,10.0,Main Protease (3CLpro),CHEMBL3927,5.0,Very Low (>10 µM)
C=C(C)[C@@H]1CC[C@]2(C(=O)O)CC[C@]3(C)[C@H](CC[C@@H]4[C@@]5(C)CC[C@H](O)C(C)(C)[C@@H]5CC[C@]43C)[C@@H]12,2007,CHEMBL269277,BETULINIC ACID,5.0,IC50,nM,10000.0,IC50,uM,10.0,Main Protease (3CLpro),CHEMBL3927,5.0,Very Low (>10 µM)
CC(C)C[C@H](NC(=O)[C@@H](NC(=O)[C@H](C)NC(=O)OCc1ccccc1)C(C)C)C(=O)NC(Cc1ccccc1)C(=O)C(F)(F)F,2013,CHEMBL406516,,5.0,IC50,nM,10000.0,IC50,uM,10.0,Main Protease (3CLpro),CHEMBL3927,5.0,Very Low (>10 µM)
COc1cccc(NCC(=O)N[C@@H](CC(C)C)C(=O)N[C@@H](C[C@@H]2CCNC2=O)C(=O)c2nc3ccccc3s2)c1,2013,CHEMBL2402685,,5.0,IC50,nM,10000.0,IC50,uM,10.0,Main Protease (3CLpro),CHEMBL3927,5.0,Very Low (>10 µM)
CCC[C@H](NC(=O)[C@@H]1[C@H]2CCC[C@H]2CN1C(=O)[C@@H](NC(=O)[C@@H](NC(=O)c1cnccn1)C1CCCCC1)C(C)(C)C)C(=O)C(=O)NC1CC1,2021,CHEMBL231813,TELAPREVIR,,IC50,nM,10000.0,IC50,uM,10.0,RdRp (nsp12),CHEMBL4523582,5.0,Very Low (>10 µM)
Cc1oc(C(C)(C)C)cc1-c1cc(NS(=O)(=O)c2cccs2)[nH]n1,2006,CHEMBL212190,,5.0,IC50,nM,10000.0,IC50,uM,10.0,Main Protease (3CLpro),CHEMBL3927,5.0,Very Low (>10 µM)
Cn1nc(-c2ccc(-c3ccnc(SCC(=O)Nc4ccc(Cl)cc4)n3)s2)cc1C(F)(F)F,2006,CHEMBL377150,,5.0,IC50,nM,10000.0,IC50,uM,10.0,Main Protease (3CLpro),CHEMBL3927,5.0,Very Low (>10 µM)
CC(C)C[C@H](NC(=O)OCc1ccccc1)C(=O)N[C@@H](C[C@@H]1CCNC1=O)C(=O)c1nc2ccccc2s1,2021,CHEMBL2402501,,,IC50,nM,10000.0,IC50,uM,10.0,RdRp (nsp12),CHEMBL4523582,5.0,Very Low (>10 µM)
COc1ccccc1CNC(=O)CSc1c[nH]c2cc(Br)ccc12,2021,CHEMBL4852238,,5.0,IC50,nM,10010.0,IC50,uM,10.01,RdRp (nsp12),CHEMBL4523582,4.999565922520682,Very Low (>10 µM)
CC(C)COC(=O)Nc1ccc(N(Cc2ccsc2)C(=O)Cn2nnc3ccccc32)cc1,2013,CHEMBL2442061,,4.99,IC50,nM,10300.0,IC50,uM,10.3,Main Protease (3CLpro),CHEMBL3927,4.987162775294828,Very Low (>10 µM)
N#Cc1c(-c2cccc([N+](=O)[O-])c2)nc(SCc2ccc([N+](=O)[O-])cc2)[nH]c1=O,2010,CHEMBL1082332,,4.97,IC50,nM,10600.0,IC50,uM,10.6,Main Protease (3CLpro),CHEMBL3927,4.97469413473523,Very Low (>10 µM)
Cc1coc2c1C(=O)C(=O)c1c-2ccc2c1CCCC2(C)CO,2012,CHEMBL215254,TANSHINONE IIB,4.97,IC50,nM,10700.0,IC50,uM,10.7,Main Protease (3CLpro),CHEMBL3927,4.97061622231479,Very Low (>10 µM)
COc1ccccc1CNC(=O)CSc1c[nH]c2ccc(Br)cc12,2021,CHEMBL4854494,,4.97,IC50,nM,10720.0,IC50,uM,10.72,RdRp (nsp12),CHEMBL4523582,4.969805214643249,Very Low (>10 µM)
CSc1sc(-c2nc(C)cs2)c(C)c1-c1ccnc(SCC(=O)Nc2ccc(Cl)cc2)n1,2006,CHEMBL210092,,4.96,IC50,nM,11000.0,IC50,uM,11.0,Main Protease (3CLpro),CHEMBL3927,4.958607314841775,Very Low (>10 µM)
CC(=O)Nc1ccc(N(C(=O)Cn2cc(-c3ccccc3)nn2)C(C(=O)NC(C)(C)C)c2ccsc2)cc1,2013,CHEMBL2442080,,4.96,IC50,nM,11000.0,IC50,uM,11.0,Main Protease (3CLpro),CHEMBL3927,4.958607314841775,Very Low (>10 µM)
CCN(CC)c1ccc(C(=O)On2nnc3ccccc32)cc1,2013,CHEMBL2311691,,4.96,IC50,nM,11100.0,IC50,uM,11.1,Main Protease (3CLpro),CHEMBL3927,4.954677021213342,Very Low (>10 µM)
O=C1C(=O)N(Cc2cc3ccccc3s2)c2cccc(Cl)c21,2005,CHEMBL365469,,4.95,IC50,nM,11200.0,IC50,uM,11.2,Main Protease (3CLpro),CHEMBL3927,4.950781977329818,Very Low (>10 µM)
CSc1sc(-c2nc(C)cs2)c(C)c1-c1ccnc(SCC(=O)Nc2ccccc2Cl)n1,2006,CHEMBL378674,,4.92,IC50,nM,12000.0,IC50,uM,12.0,Main Protease (3CLpro),CHEMBL3927,4.920818753952375,Very Low (>10 µM)
O=[N+]([O-])c1cc(C(F)(F)F)ccc1S(=O)(=O)c1ccc(Cl)cc1,2006,CHEMBL380403,,4.92,IC50,nM,12000.0,IC50,uM,12.0,Main Protease (3CLpro),CHEMBL3927,4.920818753952375,Very Low (>10 µM)
Cn1cc(SCC(=O)N(Cc2ccccc2)Cc2ccccc2)c2ccccc21,2021,CHEMBL4864930,,4.91,IC50,nM,12300.0,IC50,uM,12.3,RdRp (nsp12),CHEMBL4523582,4.910094888560602,Very Low (>10 µM)
COc1ncc(-c2ccc(N(Cc3ccsc3)C(=O)Cn3nnc4ccccc43)cc2)cn1,2013,CHEMBL2442053,,4.9,IC50,nM,12500.0,IC50,uM,12.5,Main Protease (3CLpro),CHEMBL3927,4.903089986991944,Very Low (>10 µM)
NC(=O)c1ccc2c(c1)C(=O)C(=O)N2Cc1ccccc1,2006,CHEMBL348660,,4.9,IC50,nM,12500.0,IC50,uM,12.5,Main Protease (3CLpro),CHEMBL3927,4.903089986991944,Very Low (>10 µM)
O=C(Nc1ccc(Cl)cc1)c1ccc(CN2C(=O)C(=O)c3cc(I)ccc32)s1,2005,CHEMBL191575,,4.9,IC50,nM,12570.0,IC50,uM,12.57,Main Protease (3CLpro),CHEMBL3927,4.900664722314042,Very Low (>10 µM)
C=C(Cc1cccc(C)c1)C1=CC=C(c2ccc(C)cc2)C1,2013,CHEMBL2311693,,4.89,IC50,nM,13000.0,IC50,uM,13.0,Main Protease (3CLpro),CHEMBL3927,4.886056647693163,Very Low (>10 µM)
Cc1ccc(S(=O)(=O)c2nc(C)c([N+](=O)[O-])c(C)c2C#N)cc1,2006,CHEMBL211969,,4.89,IC50,nM,13000.0,IC50,uM,13.0,Main Protease (3CLpro),CHEMBL3927,4.886056647693163,Very Low (>10 µM)
Cc1nc(S(=O)(=O)c2ccccc2)c(C#N)c(C)c1[N+](=O)[O-],2006,CHEMBL212504,,4.89,IC50,nM,13000.0,IC50,uM,13.0,Main Protease (3CLpro),CHEMBL3927,4.886056647693163,Very Low (>10 µM)
O=C1C(=O)N(Cc2cc3ccccc3s2)c2ccccc21,2005,CHEMBL426082,,4.88,IC50,nM,13110.0,IC50,uM,13.11,Main Protease (3CLpro),CHEMBL3927,4.8823973083099155,Very Low (>10 µM)
CC(C)(C)C(=O)Nc1ccc(N(Cc2ccsc2)C(=O)Cn2nnc3ccccc32)cc1,2013,CHEMBL2442065,,4.88,IC50,nM,13300.0,IC50,uM,13.3,Main Protease (3CLpro),CHEMBL3927,4.876148359032914,Very Low (>10 µM)
O=C1C(=O)N(CC2COc3ccccc3O2)c2ccc(I)cc21,2005,CHEMBL185698,,4.87,IC50,nM,13500.0,IC50,uM,13.5,Main Protease (3CLpro),CHEMBL3927,4.8696662315049934,Very Low (>10 µM)
COc1ccccc1NCC(=O)N[C@@H](CC(C)C)C(=O)N[C@@H](C[C@@H]1CCNC1=O)C(=O)c1nc2ccccc2s1,2013,CHEMBL2402686,,4.85,IC50,nM,14000.0,IC50,uM,14.0,Main Protease (3CLpro),CHEMBL3927,4.853871964321762,Very Low (>10 µM)
Cc1nc(-c2nc(-c3ccnc(SCC(=O)Nc4ccc(Cl)cc4)n3)cs2)cs1,2006,CHEMBL209227,,4.85,IC50,nM,14000.0,IC50,uM,14.0,Main Protease (3CLpro),CHEMBL3927,4.853871964321762,Very Low (>10 µM)
O=C(CSc1nccc(-c2cc(-c3ccc(Cl)cc3Cl)no2)n1)Nc1ccc(C(F)(F)F)cc1,2006,CHEMBL210097,,4.82,IC50,nM,15000.0,IC50,uM,15.0,Main Protease (3CLpro),CHEMBL3927,4.823908740944319,Very Low (>10 µM)
CSc1[nH]nc(NC(=O)c2cccs2)c1S(=O)(=O)c1ccccc1,2006,CHEMBL378700,,4.82,IC50,nM,15000.0,IC50,uM,15.0,Main Protease (3CLpro),CHEMBL3927,4.823908740944319,Very Low (>10 µM)
O=[N+]([O-])c1ccc(S(=O)(=O)c2ccc(Cl)cc2)[n+]([O-])c1,2006,CHEMBL384739,,4.82,IC50,nM,15000.0,IC50,uM,15.0,Main Protease (3CLpro),CHEMBL3927,4.823908740944319,Very Low (>10 µM)
C=C1CC[C@@H]2[C@](C)(CO)[C@H](O)CC[C@@]2(C)[C@@H]1C/C=C1/C(=O)OC[C@H]1O,2021,CHEMBL186141,ANDROGRAPHOLIDE,4.82,IC50,nM,15000.0,IC50,uM,15.0,RdRp (nsp12),CHEMBL4523582,4.823908740944319,Very Low (>10 µM)
O=C(CSc1nccc(-c2cc(-c3ccccc3Cl)no2)n1)Nc1ccc(Cl)cc1,2006,CHEMBL209667,,4.82,IC50,nM,15000.0,IC50,uM,15.0,Main Protease (3CLpro),CHEMBL3927,4.823908740944319,Very Low (>10 µM)
CC(C)C[C@H](NC(=O)OCc1ccccc1)C(=O)NC(Cc1ccccc1)C(=O)C(F)(F)F,2008,CHEMBL258787,,4.82,IC50,nM,15000.0,IC50,uM,15.0,Main Protease (3CLpro),CHEMBL3927,4.823908740944319,Very Low (>10 µM)
O=C(CSc1nccc(-c2cc(-c3ccccc3)no2)n1)Nc1ccc(Cl)cc1,2006,CHEMBL208763,,4.82,IC50,nM,15000.0,IC50,uM,15.0,Main Protease (3CLpro),CHEMBL3927,4.823908740944319,Very Low (>10 µM)
CC(C)C[C@@H]1NC(=O)[C@@H](NC(=O)OCc2ccccc2)Cc2cn(nn2)CCCNC(=O)CC[C@@H](C=O)NC1=O,2013,CHEMBL2397338,,4.81,IC50,nM,15500.0,IC50,uM,15.5,Main Protease (3CLpro),CHEMBL3927,4.809668301829708,Very Low (>10 µM)
CC(C)=CC[C@@H](O)C1=CC(=O)c2c(O)ccc(O)c2C1=O,2021,CHEMBL9470,SHIKONIN,4.8,IC50,nM,15739.83,pIC50,,4.803,RdRp (nsp12),CHEMBL4523582,4.802999962603423,Very Low (>10 µM)
CC(=O)c1ccccc1S(=O)(=O)c1ccccc1C(=O)O,2006,CHEMBL377253,,4.8,IC50,nM,16000.0,IC50,uM,16.0,Main Protease (3CLpro),CHEMBL3927,4.795880017344075,Very Low (>10 µM)
CC1(C)CC(=O)c2c(NCc3ccco3)sc(C#N)c2C1,2006,CHEMBL212019,,4.8,IC50,nM,16000.0,IC50,uM,16.0,Main Protease (3CLpro),CHEMBL3927,4.795880017344075,Very Low (>10 µM)
O=C(O)c1ccc(S(=O)(=O)c2cc(Br)c(O)c(Br)c2)cc1,2006,CHEMBL212240,,4.8,IC50,nM,16000.0,IC50,uM,16.0,Main Protease (3CLpro),CHEMBL3927,4.795880017344075,Very Low (>10 µM)
CCOC(=O)/C(C#N)=C/Nc1ccc(S(=O)(=O)c2ccc(/N=C/C(C#N)=C(\O)OCC)cc2)cc1,2006,CHEMBL215732,,4.8,IC50,nM,16000.0,IC50,uM,16.0,Main Protease (3CLpro),CHEMBL3927,4.795880017344075,Very Low (>10 µM)
N#Cc1c(-c2ccc(Cl)cc2)nc(SCCc2ccccc2)[nH]c1=O,2010,CHEMBL1086234,,4.77,IC50,nM,16900.0,IC50,uM,16.9,Main Protease (3CLpro),CHEMBL3927,4.772113295386326,Very Low (>10 µM)
Cc1cc2cc(CN(CCc3ccccc3C)C(=O)NCc3ccccc3)c(=O)[nH]c2cc1C,2008,CHEMBL495231,,4.76,IC50,nM,17200.0,IC50,uM,17.2,Main Protease (3CLpro),CHEMBL3927,4.764471553092451,Very Low (>10 µM)
O=C1C(=O)N(Cc2ccc(C(=O)N3CCCCC3)s2)c2ccc(I)cc21,2005,CHEMBL370923,,4.76,IC50,nM,17500.0,IC50,uM,17.5,Main Protease (3CLpro),CHEMBL3927,4.756961951313706,Very Low (>10 µM)
CSc1nn(-c2c([N+](=O)[O-])c(C)nn2C)c(-c2cccs2)c1C#N,2006,CHEMBL212399,,4.75,IC50,nM,18000.0,IC50,uM,18.0,Main Protease (3CLpro),CHEMBL3927,4.7447274948966935,Very Low (>10 µM)
O=S(=O)(Cc1[nH]c(-c2ccc(Cl)s2)c[s+]1)c1cccs1.[Br-],2006,CHEMBL215733,,4.75,IC50,nM,18000.0,IC50,uM,18.0,Main Protease (3CLpro),CHEMBL3927,4.7447274948966935,Very Low (>10 µM)
O=C(CSc1nc(C2CCCCC2)nc2ccccc12)NCc1ccco1,2008,CHEMBL523052,,4.74,IC50,nM,18200.0,IC50,uM,18.2,Main Protease (3CLpro),CHEMBL3927,4.739928612014925,Very Low (>10 µM)
CCCCN1C(=O)C(=O)c2cc(C(N)=O)ccc21,2006,CHEMBL379727,,4.72,IC50,nM,19000.0,IC50,uM,19.0,Main Protease (3CLpro),CHEMBL3927,4.721246399047171,Very Low (>10 µM)
CC(C)(C)NC(=O)C(c1ccsc1)N(C(=O)Cn1nnc2ccccc21)c1ccc(N)cc1,2013,CHEMBL2440138,,,IC50,nM,20000.0,IC50,uM,20.0,Main Protease (3CLpro),CHEMBL3927,4.698970004336019,Very Low (>10 µM)
CC(C)c1nc(CN(C)C(=O)N[C@H](C(=O)N[C@@H](Cc2ccccc2)C[C@H](O)[C@H](Cc2ccccc2)NC(=O)OCc2cncs2)C(C)C)cs1,2021,CHEMBL163,RITONAVIR,,IC50,nM,20000.0,IC50,uM,20.0,RdRp (nsp12),CHEMBL4523582,4.698970004336019,Very Low (>10 µM)
O=C(N[C@@H](Cc1ccccc1)C(=O)NC(Cc1ccccc1)C(=O)C(F)(F)F)OCc1ccccc1,2008,CHEMBL409422,,4.7,IC50,nM,20000.0,IC50,uM,20.0,Main Protease (3CLpro),CHEMBL3927,4.698970004336019,Very Low (>10 µM)
Cc1nn(C)c(NCc2ccc(-c3cccs3)s2)c1[N+](=O)[O-],2006,CHEMBL375130,,4.7,IC50,nM,20000.0,IC50,uM,20.0,Main Protease (3CLpro),CHEMBL3927,4.698970004336019,Very Low (>10 µM)
CC(C)[C@H](NC(=O)OCc1ccccc1)C(=O)N[C@H](C=O)Cc1ccccc1,2021,CHEMBL286722,,,IC50,nM,20000.0,IC50,uM,20.0,RdRp (nsp12),CHEMBL4523582,4.698970004336019,Very Low (>10 µM)
Cc1cccc(C)c1OCC(=O)N[C@@H](Cc1ccccc1)[C@@H](O)C[C@H](Cc1ccccc1)NC(=O)[C@H](C(C)C)N1CCCNC1=O,2021,CHEMBL729,LOPINAVIR,,IC50,nM,20000.0,IC50,uM,20.0,RdRp (nsp12),CHEMBL4523582,4.698970004336019,Very Low (>10 µM)
CN(C)C(=O)COC(=O)Cc1ccc(OC(=O)c2ccc(NC(=N)N)cc2)cc1,2021,CHEMBL590799,CAMOSTAT,,IC50,nM,20000.0,IC50,uM,20.0,RdRp (nsp12),CHEMBL4523582,4.698970004336019,Very Low (>10 µM)
CCOC(=O)/C=C/[C@H](C[C@@H]1CCNC1=O)NC(=O)[C@@H](CC(=O)[C@@H](NC(=O)c1cc(C)on1)C(C)C)Cc1ccc(F)cc1,2021,CHEMBL20210,RUPINTRIVIR,,IC50,nM,20000.0,IC50,uM,20.0,RdRp (nsp12),CHEMBL4523582,4.698970004336019,Very Low (>10 µM)
CC(C)C[C@@H](C=O)NC(=O)[C@@H](NS(=O)(=O)c1ccc(F)cc1)C(C)C,2021,CHEMBL288365,,,IC50,nM,20000.0,IC50,uM,20.0,RdRp (nsp12),CHEMBL4523582,4.698970004336019,Very Low (>10 µM)
COc1ccc(-c2nc(SCCc3ccccc3)[nH]c(=O)c2C#N)cc1,2010,CHEMBL1082714,,4.69,IC50,nM,20300.0,IC50,uM,20.3,Main Protease (3CLpro),CHEMBL3927,4.692503962086787,Very Low (>10 µM)
CN(Cc1ccccc1)C(=O)CSc1c[nH]c2c(Br)cccc12,2021,CHEMBL4854368,,4.68,IC50,nM,20890.0,IC50,uM,20.89,RdRp (nsp12),CHEMBL4523582,4.680061560019691,Very Low (>10 µM)
CC(C)C[C@H](NC(=O)OCc1ccccc1)C(=O)N[C@@H](C[C@@H]1CCNC1=O)C(=O)c1nc2ccccc2s1,2013,CHEMBL2402501,,4.68,IC50,nM,21000.0,IC50,uM,21.0,Main Protease (3CLpro),CHEMBL3927,4.6777807052660805,Very Low (>10 µM)
CC(C)C1=Cc2ccc3c(c2C(=O)C1=O)CCCC3(C)C,2012,CHEMBL45830,MILTIRONE,4.68,IC50,nM,21100.0,IC50,uM,21.1,Main Protease (3CLpro),CHEMBL3927,4.675717544702307,Very Low (>10 µM)
O=C(Nc1ccc(N(Cc2ccsc2)C(=O)Cn2nnc3ccccc32)cc1)C1CCCCC1,2013,CHEMBL2442062,,4.66,IC50,nM,22100.0,IC50,uM,22.1,Main Protease (3CLpro),CHEMBL3927,4.655607726314889,Very Low (>10 µM)
CC(C)(C)NC(=O)C(c1ccsc1)N(C(=O)Cn1nnc2ccccc21)c1ccc(NC(=O)C(C)(C)C)cc1,2013,CHEMBL2442075,,4.65,IC50,nM,22500.0,IC50,uM,22.5,Main Protease (3CLpro),CHEMBL3927,4.647817481888637,Very Low (>10 µM)
Cc1ccccc1C(=O)NC(C)c1ccc2ccccc2c1,2021,CHEMBL562121,,4.63,IC50,nM,23500.0,IC50,uM,23.5,RdRp (nsp12),CHEMBL4523582,4.628932137728263,Very Low (>10 µM)
O=C1C(=O)N(C/C=C/c2cc3ccccc3s2)c2ccc(I)cc21,2005,CHEMBL188983,,4.63,IC50,nM,23500.0,IC50,uM,23.5,Main Protease (3CLpro),CHEMBL3927,4.628932137728263,Very Low (>10 µM)
CC(C)C[C@H](NC(=O)COc1ccccc1)C(=O)N[C@@H](C[C@@H]1CCNC1=O)C(=O)c1nc2ccccc2s1,2013,CHEMBL2402680,,4.62,IC50,nM,24000.0,IC50,uM,24.0,Main Protease (3CLpro),CHEMBL3927,4.619788758288394,Very Low (>10 µM)
O=[N+]([O-])c1ccc(S(=O)(=O)c2ccc([N+](=O)[O-])cc2)cc1,2006,CHEMBL215397,,4.6,IC50,nM,25000.0,IC50,uM,25.0,Main Protease (3CLpro),CHEMBL3927,4.6020599913279625,Very Low (>10 µM)
CCCN1C(=O)C(=O)c2cc(C(N)=O)ccc21,2006,CHEMBL210525,,4.6,IC50,nM,25000.0,IC50,uM,25.0,Main Protease (3CLpro),CHEMBL3927,4.6020599913279625,Very Low (>10 µM)
O=C1OC[C@H](Cc2ccc3c(c2)OCO3)/C1=C\c1ccc2c(c1)OCO2,2007,CHEMBL395263,SAVININ,4.6,IC50,nM,25000.0,IC50,uM,25.0,Main Protease (3CLpro),CHEMBL3927,4.6020599913279625,Very Low (>10 µM)
CC(C)(C)NC(=O)C(c1ccsc1)N(C(=O)Cn1nnc2ccccc21)c1ccc(NS(C)(=O)=O)cc1,2013,CHEMBL2442078,,4.6,IC50,nM,25300.0,IC50,uM,25.3,Main Protease (3CLpro),CHEMBL3927,4.5968794788241825,Very Low (>10 µM)
CC(=O)N[C@H](C(=O)NCC(=O)NC1[C@H]2CCCC[C@@H]2CN(C(=O)c2ccc(Br)cc2)[C@@H]1CN[C@H](C=O)Cc1c[nH]cn1)[C@@H](C)O,2019,CHEMBL4465864,,4.58,IC50,nM,26000.0,IC50,uM,26.0,Main Protease (3CLpro),CHEMBL3927,4.585026652029182,Very Low (>10 µM)
CC(C)(C)NC(=O)C(c1ccsc1)N(C(=O)Cn1nnc2ccccc21)c1ccc(NC(=O)c2ccno2)cc1,2013,CHEMBL2442069,,4.58,IC50,nM,26000.0,IC50,uM,26.0,Main Protease (3CLpro),CHEMBL3927,4.585026652029182,Very Low (>10 µM)
COc1ccc(-c2nc(SCc3ccc([N+](=O)[O-])cc3)[nH]c(=O)c2C#N)cc1,2010,CHEMBL1082715,,4.58,IC50,nM,26300.0,IC50,uM,26.3,Main Protease (3CLpro),CHEMBL3927,4.580044251510242,Very Low (>10 µM)
Cn1cc(SCC(=O)NCc2ccccc2)c2ccccc21,2021,CHEMBL4848534,,4.57,IC50,nM,26920.0,IC50,uM,26.92,RdRp (nsp12),CHEMBL4523582,4.5699249444480605,Very Low (>10 µM)
C[C@@H]1O[C@@H](O[C@H]2[C@H](Oc3cc(O)c4c(=O)cc(-c5ccc(O)cc5)oc4c3)O[C@H](CO)[C@@H](O)[C@@H]2O)[C@H](O)[C@H](O)[C@H]1O,2021,CHEMBL395990,RHOIFOLIN,4.57,IC50,nM,27000.0,IC50,uM,27.0,RdRp (nsp12),CHEMBL4523582,4.568636235841013,Very Low (>10 µM)
CC(C)c1ccc(N(C(=O)c2ccco2)C(C(=O)NC(C)(C)C)c2cccnc2)cc1,2013,CHEMBL2311695,,4.55,IC50,nM,28100.0,IC50,uM,28.1,Main Protease (3CLpro),CHEMBL3927,4.55129368009492,Very Low (>10 µM)
CCCc1cc(O)nc(SCC(=O)Nc2ccc(Cl)cc2)n1,2006,CHEMBL208584,,4.52,IC50,nM,30000.0,IC50,uM,30.0,Main Protease (3CLpro),CHEMBL3927,4.522878745280337,Very Low (>10 µM)
CCOC(=O)C(=CNc1ccc(S(=O)(=O)c2ccc(/N=C/C(C(=O)OCC)=C(\O)OCC)cc2)cc1)C(=O)OCC,2006,CHEMBL378342,,4.5,IC50,nM,32000.0,IC50,uM,32.0,Main Protease (3CLpro),CHEMBL3927,4.494850021680094,Very Low (>10 µM)
O=c1c(O)c(-c2ccc(O)cc2)oc2c(O)c(O)cc(O)c12,2021,CHEMBL611029,HERBACETIN,4.48,IC50,nM,33000.0,IC50,uM,33.0,RdRp (nsp12),CHEMBL4523582,4.481486060122113,Very Low (>10 µM)
N#Cc1c(-c2ccccc2)nc(SCc2ccc([N+](=O)[O-])cc2)[nH]c1=O,2010,CHEMBL1083123,,4.45,IC50,nM,35200.0,IC50,uM,35.2,Main Protease (3CLpro),CHEMBL3927,4.453457336521869,Very Low (>10 µM)
COc1ccc(-c2cc(=O)c3c(O)c(OC)c(O[C@@H]4O[C@H](CO[C@@H]5O[C@@H](C)[C@H](O)[C@@H](O)[C@H]5O)[C@@H](O)[C@H](O)[C@H]4O)cc3o2)cc1,2021,CHEMBL445978,PECTOLINARIN,4.42,IC50,nM,38000.0,IC50,uM,38.0,RdRp (nsp12),CHEMBL4523582,4.42021640338319,Very Low (>10 µM)
CC(C)(C)NC(=O)C(c1cccnc1)N(C(=O)c1cnco1)c1ccc(C(C)(C)C)cc1,2013,CHEMBL2311700,,4.41,IC50,nM,39000.0,IC50,uM,39.0,Main Protease (3CLpro),CHEMBL3927,4.4089353929735005,Very Low (>10 µM)
O=C(Cc1nccs1)c1nccs1,2006,CHEMBL214372,,4.4,IC50,nM,40000.0,IC50,uM,40.0,Main Protease (3CLpro),CHEMBL3927,4.3979400086720375,Very Low (>10 µM)
O=C(Nc1ccc([N+](=O)[O-])cc1Cl)c1cc(Cl)ccc1O,2007,CHEMBL1448,NICLOSAMIDE,4.4,IC50,nM,40000.0,IC50,uM,40.0,Main Protease (3CLpro),CHEMBL3927,4.3979400086720375,Very Low (>10 µM)
C[C@H](NC(=O)[C@H](CCC(=O)OC(C)(C)C)NC(=O)OC(C)(C)C)C(=O)NCC(=O)C(F)(F)F,2008,CHEMBL261402,,4.4,IC50,nM,40000.0,IC50,uM,40.0,Main Protease (3CLpro),CHEMBL3927,4.3979400086720375,Very Low (>10 µM)
CC(C)C[C@H](NC(=O)OC(C)(C)C)C(=O)NC(C)C(=O)C(F)(F)F,2008,CHEMBL258581,,4.4,IC50,nM,40000.0,IC50,uM,40.0,Main Protease (3CLpro),CHEMBL3927,4.3979400086720375,Very Low (>10 µM)
CC(C)c1ccc(NC(=O)CSc2nccc(-c3cccs3)n2)cc1,2006,CHEMBL210612,,4.4,IC50,nM,40000.0,IC50,uM,40.0,Main Protease (3CLpro),CHEMBL3927,4.3979400086720375,Very Low (>10 µM)
COc1cc(/C=C/C(=O)CC(=O)/C=C/c2ccc(O)c(OC)c2)ccc1O,2007,CHEMBL140,CURCUMIN,4.4,IC50,nM,40000.0,IC50,uM,40.0,Main Protease (3CLpro),CHEMBL3927,4.3979400086720375,Very Low (>10 µM)
COc1cccc(-c2nc(SCC(=O)Nc3ccc(S(N)(=O)=O)cc3)nc(O)c2C#N)c1,2006,CHEMBL210497,,4.4,IC50,nM,40000.0,IC50,uM,40.0,Main Protease (3CLpro),CHEMBL3927,4.3979400086720375,Very Low (>10 µM)
COc1ccc(CC(=O)N[C@@H](CC(C)C)C(=O)N[C@@H](C[C@@H]2CCNC2=O)C(=O)c2nc3ccccc3s2)cc1,2013,CHEMBL2402508,,4.37,IC50,nM,43000.0,IC50,uM,43.0,Main Protease (3CLpro),CHEMBL3927,4.366531544420414,Very Low (>10 µM)
COc1ccc(NC(=O)CSc2nc(O)cc(-c3ccccc3)n2)cc1OC,2006,CHEMBL380470,,4.35,IC50,nM,45000.0,IC50,uM,45.0,Main Protease (3CLpro),CHEMBL3927,4.346787486224656,Very Low (>10 µM)
CCOC(=O)/C=C/[C@H](C[C@@H]1CCNC1=O)NC(=O)[C@@H](CC(=O)[C@@H](NC(=O)c1cc(C)on1)C(C)C)Cc1ccccc1,2005,CHEMBL194398,,4.35,IC50,nM,45000.0,IC50,uM,45.0,Main Protease (3CLpro),CHEMBL3927,4.346787486224656,Very Low (>10 µM)
CC(C)(C)NC(=O)C(c1ccncc1)N(C(=O)c1ccco1)c1ccc(C(C)(C)C)cc1,2013,CHEMBL2311733,,4.35,IC50,nM,45000.0,IC50,uM,45.0,Main Protease (3CLpro),CHEMBL3927,4.346787486224656,Very Low (>10 µM)
CC(C)(C)NC(=O)C(c1cccnc1)N(C(=O)c1ncco1)c1ccc(C(C)(C)C)cc1,2013,CHEMBL2311726,,4.33,IC50,nM,47000.0,IC50,uM,47.0,Main Protease (3CLpro),CHEMBL3927,4.327902142064283,Very Low (>10 µM)
CC(C)(C)NC(=O)C(c1cccnc1)N(C(=O)c1cccs1)c1ccc(C(C)(C)C)cc1,2013,CHEMBL2311705,,4.3,IC50,nM,50000.0,IC50,uM,50.0,Main Protease (3CLpro),CHEMBL3927,4.301029995663981,Very Low (>10 µM)
N#Cc1c(-c2ccccc2)nc(SCc2ccccc2)[nH]c1=O,2010,CHEMBL1082811,,,IC50,nM,50000.0,IC50,uM,50.0,Main Protease (3CLpro),CHEMBL3927,4.301029995663981,Very Low (>10 µM)
N#Cc1c(-c2cccc([N+](=O)[O-])c2)nc(SCCc2ccccc2)[nH]c1=O,2010,CHEMBL1083286,,,IC50,nM,50000.0,IC50,uM,50.0,Main Protease (3CLpro),CHEMBL3927,4.301029995663981,Very Low (>10 µM)
C[C@H](NC(=O)[C@@H](N)CCC(=O)O)C(=O)NCC(=O)C(F)(F)F,2008,CHEMBL265704,,4.3,IC50,nM,50000.0,IC50,uM,50.0,Main Protease (3CLpro),CHEMBL3927,4.301029995663981,Very Low (>10 µM)
CCCCCCCCCC(=O)N[C@@H](CC(C)C)C(=O)NC(Cc1ccccc1)C(=O)C(F)(F)F,2008,CHEMBL261189,,4.3,IC50,nM,50000.0,IC50,uM,50.0,Main Protease (3CLpro),CHEMBL3927,4.301029995663981,Very Low (>10 µM)
N#Cc1c(-c2cccc(Cl)c2)nc(SCc2ccccc2)[nH]c1=O,2010,CHEMBL1082334,,,IC50,nM,50000.0,IC50,uM,50.0,Main Protease (3CLpro),CHEMBL3927,4.301029995663981,Very Low (>10 µM)
COc1ccc(-c2nc(SCc3ccccc3)[nH]c(=O)c2C#N)cc1,2010,CHEMBL1083124,,,IC50,nM,50000.0,IC50,uM,50.0,Main Protease (3CLpro),CHEMBL3927,4.301029995663981,Very Low (>10 µM)
Cc1ccc(-c2nc(SCCc3ccccc3)[nH]c(=O)c2C#N)cc1,2010,CHEMBL1083958,,,IC50,nM,50000.0,IC50,uM,50.0,Main Protease (3CLpro),CHEMBL3927,4.301029995663981,Very Low (>10 µM)
Cc1ccc(-c2nc(SCc3ccccc3)[nH]c(=O)c2C#N)cc1,2010,CHEMBL327313,,,IC50,nM,50000.0,IC50,uM,50.0,Main Protease (3CLpro),CHEMBL3927,4.301029995663981,Very Low (>10 µM)
CCCCCCCCC(=O)N[C@@H](CC(C)C)C(=O)NC(Cc1ccccc1)C(=O)C(F)(F)F,2008,CHEMBL259622,,,IC50,nM,50000.0,IC50,uM,50.0,Main Protease (3CLpro),CHEMBL3927,4.301029995663981,Very Low (>10 µM)
Cc1ccc(-c2nc(SCc3ccc([N+](=O)[O-])cc3)[nH]c(=O)c2C#N)cc1,2010,CHEMBL1083959,,,IC50,nM,50000.0,IC50,uM,50.0,Main Protease (3CLpro),CHEMBL3927,4.301029995663981,Very Low (>10 µM)
N#Cc1c(-c2ccccc2)nc(SCCc2ccccc2)[nH]c1=O,2010,CHEMBL1082812,,,IC50,nM,50000.0,IC50,uM,50.0,Main Protease (3CLpro),CHEMBL3927,4.301029995663981,Very Low (>10 µM)
O=C1C(=O)N(Cc2ccccc2)c2ccc(I)cc21,2006,CHEMBL118596,,4.3,IC50,nM,50000.0,IC50,uM,50.0,Main Protease (3CLpro),CHEMBL3927,4.301029995663981,Very Low (>10 µM)
CCC(Sc1nc(O)c(C#N)c(-c2cccc(OC)c2)n1)C(=O)Nc1ccc(C(C)=O)cc1,2006,CHEMBL210487,,4.22,IC50,nM,60000.0,IC50,uM,60.0,Main Protease (3CLpro),CHEMBL3927,4.221848749616356,Very Low (>10 µM)
COc1cccc(-c2nc(SCC(=O)Nc3ccc(C(C)=O)cc3)nc(O)c2C#N)c1,2006,CHEMBL210632,,4.22,IC50,nM,60000.0,IC50,uM,60.0,Main Protease (3CLpro),CHEMBL3927,4.221848749616356,Very Low (>10 µM)
CCCCN1C(=O)C(=O)c2cc(I)ccc21,2006,CHEMBL209287,,4.18,IC50,nM,66000.0,IC50,uM,66.0,Main Protease (3CLpro),CHEMBL3927,4.180456064458132,Very Low (>10 µM)
CCOC(=O)/C=C/[C@H](C[C@@H]1CCNC1=O)NC(=O)[C@H](CC=C(C)C)CC(=O)[C@@H](NC(=O)c1cc(C)on1)C(C)C,2005,CHEMBL196635,,4.16,IC50,nM,70000.0,IC50,uM,70.0,Main Protease (3CLpro),CHEMBL3927,4.154901959985743,Very Low (>10 µM)
CC(=O)N[C@@H](CO)C(=O)N[C@H](C(=O)N[C@@H](CO)C(=O)N[C@@H](C)C(=O)N[C@H](C(=O)N[C@@H](CC(C)C)C(=O)N[C@@H](CCC(N)=O)C(=O)N[C@@H](CO)C(=O)NCC(=O)N[C@@H](Cc1ccccc1)C(=O)N[C@@H](CCCNC(=N)N)C(=O)N[C@@H](CCCCN)C(=O)N[C@@H](Cc1ccccc1)C(N)=O)C(C)C)[C@@H](C)O,2021,CHEMBL4875501,,4.15,IC50,nM,71000.0,IC50,uM,71.0,RdRp (nsp12),CHEMBL4523582,4.1487416512809245,Very Low (>10 µM)
CN1C(=O)C(=O)c2cc(C(N)=O)ccc21,2006,CHEMBL148483,,4.15,IC50,nM,71000.0,IC50,uM,71.0,Main Protease (3CLpro),CHEMBL3927,4.1487416512809245,Very Low (>10 µM)
Cn1cnc(C(=O)N(c2ccc(C(C)(C)C)cc2)C(C(=O)NC(C)(C)C)c2cccnc2)c1,2013,CHEMBL2311729,,4.12,IC50,nM,75000.0,IC50,uM,75.0,Main Protease (3CLpro),CHEMBL3927,4.1249387366083,Very Low (>10 µM)
CC[C@H](NC(C)=O)C(=O)N[C@H](C(=O)N[C@@H](CC(C)C)C(=O)N[C@@H](CCC(N)=O)C(N)=O)C(C)(C)C,2021,CHEMBL4877806,,,IC50,nM,100000.0,IC50,uM,100.0,RdRp (nsp12),CHEMBL4523582,4.0,Very Low (>10 µM)
CC[C@H](N)C(=O)N[C@H](C(=O)N[C@@H](CC1CC1)C(=O)N[C@@H](CCC(N)=O)C(=O)N[C@@H](Cc1ccnc(C#N)c1)C(N)=O)C(C)(C)C,2021,CHEMBL4877763,,,IC50,nM,100000.0,IC50,uM,100.0,RdRp (nsp12),CHEMBL4523582,4.0,Very Low (>10 µM)
O=C1OC[C@H](Cc2ccc3c(c2)OCO3)[C@H]1Cc1ccc2c(c1)OCO2,2007,CHEMBL242011,HINOKININ,,IC50,nM,100000.0,IC50,uM,100.0,Main Protease (3CLpro),CHEMBL3927,4.0,Very Low (>10 µM)
C=C(C)[C@@H]1CC[C@]2(C(=O)O)CC[C@]3(C)[C@H](CC[C@@H]4[C@@]5(C)CCC(=O)C(C)(C)[C@@H]5CC[C@]43C)[C@@H]12,2007,CHEMBL431525,BETUNOLIC ACID,,IC50,nM,100000.0,IC50,uM,100.0,Main Protease (3CLpro),CHEMBL3927,4.0,Very Low (>10 µM)
CC(C)C[C@@H]1NC(=O)[C@H](C(C)C)NC(=O)[C@H](C)NC(=O)[C@H](C)NC(=O)[C@@H]2CSC(=N2)c2cc(ccn2)C[C@@H](C(N)=O)NC(=O)[C@H](C)NC(=O)[C@H](CCC(N)=O)NC1=O,2021,CHEMBL4864163,,,IC50,nM,100000.0,IC50,uM,100.0,RdRp (nsp12),CHEMBL4523582,4.0,Very Low (>10 µM)
CC(C)C[C@@H]1NC(=O)[C@H](C(C)C)NC(=O)[C@@H]2CSC(=N2)c2cc(ccn2)C[C@@H](C(N)=O)NC(=O)[C@H](CO)NC(=O)[C@H](CCC(N)=O)NC1=O,2021,CHEMBL4855260,,,IC50,nM,100000.0,IC50,uM,100.0,RdRp (nsp12),CHEMBL4523582,4.0,Very Low (>10 µM)
CC(C)C[C@@H]1NC(=O)[C@H](C(C)C)NC(=O)[C@H](C)NC(=O)[C@H](C)NC(=O)[C@@H]2CSC(=N2)c2cc(ccn2)C[C@@H](C(N)=O)NC(=O)[C@H](CO)NC(=O)[C@H](CCC(N)=O)NC1=O,2021,CHEMBL4851196,,,IC50,nM,100000.0,IC50,uM,100.0,RdRp (nsp12),CHEMBL4523582,4.0,Very Low (>10 µM)
CC(C)C[C@@H]1NC(=O)[C@H](C(C)C)NC(=O)[C@H](C)NC(=O)[C@H](C)NC(=O)[C@@H]2CSC(=N2)c2cc(ccn2)C[C@@H](C(N)=O)NC(=O)[C@H](C)NC(=O)[C@H](C)NC(=O)[C@H](CCC(N)=O)NC1=O,2021,CHEMBL4851348,,,IC50,nM,100000.0,IC50,uM,100.0,RdRp (nsp12),CHEMBL4523582,4.0,Very Low (>10 µM)
C[C@@H](O)[C@@H]1NC(=O)[C@@H]2CSC(=N2)c2cc(ccn2)C[C@@H](C(N)=O)NC(=O)[C@H](CCC(N)=O)NC(=O)[C@H](CC2CC2)NC(=O)[C@H]([C@@H](C)O)NC1=O,2021,CHEMBL4873791,,,IC50,nM,100000.0,IC50,uM,100.0,RdRp (nsp12),CHEMBL4523582,4.0,Very Low (>10 µM)
CC(C)C[C@@H]1NC(=O)[C@H](CCC(N)=O)NC(=O)[C@@H]2CSC(=N2)c2cc(ccn2)C[C@@H](C(N)=O)NC(=O)[C@H](C(C)C)NC(=O)[C@H](C(C)C)NC1=O,2021,CHEMBL4871930,,,IC50,nM,100000.0,IC50,uM,100.0,RdRp (nsp12),CHEMBL4523582,4.0,Very Low (>10 µM)
CC(C)C[C@@H]1NC(=O)[C@H](C(C)C)NC(=O)[C@H](C(C)C)NC(=O)[C@@H]2CSC(=N2)c2cc(ccn2)C[C@@H](C(N)=O)NC(=O)[C@H](CCC(N)=O)NC1=O,2021,CHEMBL4868572,,,IC50,nM,100000.0,IC50,uM,100.0,RdRp (nsp12),CHEMBL4523582,4.0,Very Low (>10 µM)
CC(C)C[C@@H]1NC(=O)[C@H](CCCNC(=N)N)NC(=O)[C@H](C)NC(=O)[C@@H]2CSC(=N2)c2cc(ccn2)C[C@@H](C(N)=O)NC(=O)[C@H](CCC(N)=O)NC1=O,2021,CHEMBL4859153,,,IC50,nM,100000.0,IC50,uM,100.0,RdRp (nsp12),CHEMBL4523582,4.0,Very Low (>10 µM)
CC[C@@H]1NC(=O)[C@@H]2CSC(=N2)c2cc(ccn2)C[C@@H](C(N)=O)NC(=O)[C@H](CCC(N)=O)NC(=O)[C@H](CC2CC2)NC(=O)[C@H](C(C)(C)C)NC1=O,2021,CHEMBL4846937,,,IC50,nM,100000.0,IC50,uM,100.0,RdRp (nsp12),CHEMBL4523582,4.0,Very Low (>10 µM)
CC(C)C[C@H](NC(=O)[C@@H](NC(=O)[C@H](C)NC(=O)[C@H](C)NC(=O)[C@@H]1CSCN1)C(C)C)C(=O)N[C@@H](CCC(N)=O)C(=O)N[C@@H](C)C(=O)N[C@@H](Cc1ccnc(C#N)c1)C(N)=O,2021,CHEMBL4873357,,,IC50,nM,100000.0,IC50,uM,100.0,RdRp (nsp12),CHEMBL4523582,4.0,Very Low (>10 µM)
CC[C@@H]1NC(=O)[C@@H]2CSC(=N2)c2cc(ccn2)C[C@@H](C(N)=O)NC(=O)[C@H](CO)NC(=O)[C@H](CCC(N)=O)NC(=O)[C@H](CC2CC2)NC(=O)[C@H](C(C)(C)C)NC1=O,2021,CHEMBL4872397,,,IC50,nM,100000.0,IC50,uM,100.0,RdRp (nsp12),CHEMBL4523582,4.0,Very Low (>10 µM)
CC[C@@H]1NC(=O)[C@H](C)NC(=O)[C@@H]2CSC(=N2)c2cc(ccn2)C[C@@H](C(N)=O)NC(=O)[C@H](C)NC(=O)[C@H](CCC(N)=O)NC(=O)[C@H](CC2CC2)NC(=O)[C@H](C(C)(C)C)NC1=O,2021,CHEMBL4867088,,,IC50,nM,100000.0,IC50,uM,100.0,RdRp (nsp12),CHEMBL4523582,4.0,Very Low (>10 µM)
CC[C@@H]1NC(=O)[C@@H](N)CCNC(=O)[C@@H]2CSC(=N2)c2cccc(n2)C2=N[C@@H](CS2)C(=O)NCCCC[C@@H](C(N)=O)NC(=O)[C@H](CCC(N)=O)NC(=O)[C@H](CC(C)C)NC(=O)[C@H](C(C)(C)C)NC1=O,2021,CHEMBL4846266,,,IC50,nM,100000.0,IC50,uM,100.0,RdRp (nsp12),CHEMBL4523582,4.0,Very Low (>10 µM)
CC(C)C[C@@H]1NC(=O)[C@H](C(C)C)NC(=O)[C@H](C)NC(=O)[C@H](CO)NC(=O)[C@H]([C@@H](C)O)NC(=O)[C@@H]2CSC(=N2)c2cc(ccn2)C[C@@H](C(N)=O)NC(=O)[C@H](CCCCN)NC(=O)[C@H](CCCNC(=N)N)NC(=O)[C@H](Cc2ccccc2)NC(=O)CNC(=O)[C@H](CO)NC(=O)[C@H](CCC(N)=O)NC1=O,2021,CHEMBL4873945,,,IC50,nM,100000.0,IC50,uM,100.0,RdRp (nsp12),CHEMBL4523582,4.0,Very Low (>10 µM)
NCCCC[C@@H]1NC(=O)[C@H](CO)NC(=O)[C@H](CCC(N)=O)NC(=O)[C@H](Cc2ccccc2)NC(=O)[C@@H]2CSC(=N2)c2cc(ccn2)C[C@@H](C(N)=O)NC1=O,2021,CHEMBL4847752,,,IC50,nM,100000.0,IC50,uM,100.0,RdRp (nsp12),CHEMBL4523582,4.0,Very Low (>10 µM)
CC(C)C[C@@H]1NC(=O)[C@H](C(C)C)NC(=O)[C@H](C)NC(=O)[C@H](C)NC(=O)[C@@H]2CSC(=N2)c2cc(ccn2)C[C@@H](C(N)=O)NC(=O)[C@H](C)NC(=O)[C@H](CC(N)=O)NC1=O,2021,CHEMBL4848940,,,IC50,nM,100000.0,IC50,uM,100.0,RdRp (nsp12),CHEMBL4523582,4.0,Very Low (>10 µM)
CC(C)C[C@@H]1NC(=O)[C@H](CCCNC(=N)N)NC(=O)[C@H](C)NC(=O)[C@@H]2CSC(=N2)c2cc(ccn2)C[C@@H](C(N)=O)NC(=O)[C@H](CCC(=O)O)NC1=O,2021,CHEMBL4858748,,,IC50,nM,100000.0,IC50,uM,100.0,RdRp (nsp12),CHEMBL4523582,4.0,Very Low (>10 µM)
CC(C)C[C@@H]1NC(=O)[C@H](C(C)C)NC(=O)[C@H](C(C)C)NC(=O)[C@@H]2CSC(=N2)c2cc(ccn2)C[C@@H](C(N)=O)NC(=O)[C@H](CCC(=O)O)NC1=O,2021,CHEMBL4876522,,,IC50,nM,100000.0,IC50,uM,100.0,RdRp (nsp12),CHEMBL4523582,4.0,Very Low (>10 µM)
Cc1cc(O)nc(SCC(=O)Nc2cc(Cl)ccc2Oc2ccccc2)n1,2006,CHEMBL207207,,4.0,IC50,nM,100000.0,IC50,uM,100.0,Main Protease (3CLpro),CHEMBL3927,4.0,Very Low (>10 µM)
